# L_thumb,L_index,L_middle,L_ring,L_pinky,L_wrist,R_thumb,R_index,R_middle,R_ring,R_pinky,R_wrist,label
0.0679,0.9890,0.0000,0.0000,0.0000,0.0228,0.0000,1.0000,0.0000,0.0000,0.1069,0.0000,2
1.0000,1.0000,0.9939,0.9422,0.9393,0.0330,0.9178,0.9351,1.0000,0.8698,0.9033,0.0698,0
0.0000,1.0000,0.1155,0.0741,0.0558,0.0000,0.0403,0.8612,0.1248,0.0000,0.0948,0.0384,2
0.0000,1.0000,1.0000,0.1052,0.0000,0.0000,0.1772,1.0000,1.0000,0.0000,0.0013,0.0000,4
1.0000,1.0000,1.0000,1.0000,1.0000,0.0000,0.9673,0.9997,1.0000,0.9071,1.0000,0.0775,0
0.0992,0.0000,0.1064,0.0000,0.1158,0.0000,0.0000,0.0176,0.0000,0.0732,0.1155,0.0000,1
1.0000,0.0468,0.0000,0.0000,0.0152,0.0000,0.9877,0.0000,0.0000,0.1431,0.0564,0.1654,3
0.9392,1.0000,0.9340,1.0000,0.9514,0.0000,0.9184,0.8639,1.0000,0.9567,1.0000,0.1146,0
0.8876,0.0000,0.0000,0.0482,0.0867,0.0000,0.9965,0.0000,0.0000,0.0000,0.1461,0.0000,3
0.0000,0.9261,0.0405,0.0000,0.0917,0.0713,0.0223,0.8882,0.0000,0.0150,0.1580,0.0000,2
0.0000,1.0000,0.0472,0.0000,0.0000,0.0159,0.1698,0.8796,0.0903,0.0000,0.1006,0.0000,2
0.0840,1.0000,0.0000,0.0000,0.0000,0.0470,0.0813,1.0000,0.0642,0.1759,0.0000,0.1621,2
0.0000,1.0000,0.0000,0.0055,0.0677,0.0000,0.0000,1.0000,0.0507,0.1595,0.0000,0.1580,2
1.0000,0.0000,0.0923,0.0000,0.0000,0.0000,0.8629,0.0000,0.0000,0.0000,0.0000,0.0102,3
0.0228,1.0000,1.0000,0.1190,0.0000,0.0000,0.0000,0.9882,1.0000,0.1151,0.0146,0.0000,4
1.0000,0.0000,0.0000,0.1083,0.0000,0.0700,0.8910,0.1757,0.0380,0.0000,0.0000,0.0634,3
0.0000,0.9933,1.0000,0.0000,0.1035,0.0227,0.0000,0.9532,1.0000,0.1470,0.0262,0.1531,4
1.0000,0.9259,0.9657,1.0000,1.0000,0.0000,1.0000,0.9986,0.9991,1.0000,1.0000,0.1084,0
0.0113,1.0000,0.0675,0.0000,0.0000,0.0000,0.0979,0.9129,0.0000,0.0000,0.1356,0.0541,2
0.0000,1.0000,0.0883,0.0032,0.0672,0.0000,0.1354,1.0000,0.0000,0.1419,0.0000,0.0000,2
0.0000,0.9921,1.0000,0.0000,0.0000,0.1191,0.0000,1.0000,1.0000,0.0000,0.0000,0.0166,4
0.9225,0.0000,0.0474,0.0000,0.0000,0.0189,1.0000,0.0000,0.0137,0.0000,0.0728,0.0000,3
0.0000,0.9344,0.9824,0.0017,0.1133,0.0000,0.1036,0.8635,1.0000,0.0000,0.1273,0.0000,4
0.0804,0.0000,0.0896,0.0000,0.0000,0.0000,0.0000,0.0381,0.0000,0.1549,0.0000,0.0000,1
0.0496,0.0000,0.1115,0.0000,0.0000,0.0000,0.0000,0.1744,0.0410,0.0076,0.0762,0.0351,1
0.0000,1.0000,0.9905,0.0000,0.0495,0.0410,0.1205,1.0000,0.9209,0.0391,0.0332,0.1584,4
0.0279,0.0000,0.0762,0.0511,0.0410,0.0080,0.0000,0.0000,0.0664,0.0757,0.0000,0.0000,1
0.0000,0.9836,1.0000,0.0444,0.0251,0.0000,0.0000,0.8808,0.8685,0.1375,0.0000,0.0000,4
0.0000,0.9094,0.0066,0.0187,0.0387,0.1143,0.0211,1.0000,0.0574,0.0847,0.0000,0.0000,2
0.0000,1.0000,0.0000,0.0000,0.0854,0.0000,0.0000,1.0000,0.0000,0.1097,0.0000,0.1334,2
0.1084,0.0000,0.0662,0.0000,0.0000,0.0000,0.0976,0.0000,0.0855,0.0000,0.0000,0.0976,1
0.8956,0.0000,0.1077,0.0000,0.0000,0.1006,0.9806,0.1787,0.0000,0.0000,0.0000,0.1044,3
0.9617,1.0000,1.0000,0.9463,0.8824,0.1075,0.9967,1.0000,0.8535,0.8998,1.0000,0.0000,0
1.0000,0.8971,0.9198,0.9538,1.0000,0.0166,0.9978,0.8490,0.8343,0.9755,0.9360,0.0000,0
0.0157,1.0000,0.8960,0.0667,0.0000,0.1048,0.0000,1.0000,0.9488,0.1550,0.0000,0.1497,4
0.9043,0.9293,0.9256,1.0000,1.0000,0.0552,0.8753,0.9499,0.9739,0.9260,1.0000,0.0361,0
0.1161,0.1161,0.0669,0.0000,0.0000,0.0936,0.1073,0.0000,0.0000,0.0000,0.1003,0.0000,1
0.0924,0.9014,1.0000,0.0000,0.0000,0.0458,0.0000,0.8335,1.0000,0.1710,0.0234,0.0419,4
0.0000,1.0000,0.0354,0.0000,0.0000,0.0000,0.1693,0.8561,0.0096,0.0816,0.1109,0.0372,2
0.0000,0.9921,1.0000,0.0999,0.0153,0.0000,0.0980,1.0000,1.0000,0.1609,0.0000,0.0000,4
0.0746,0.0273,0.0000,0.0000,0.0000,0.0000,0.0089,0.0000,0.0000,0.1466,0.0000,0.0000,1
0.0949,1.0000,0.0000,0.0073,0.0239,0.0431,0.1498,1.0000,0.1558,0.1119,0.0761,0.0000,2
1.0000,0.9022,1.0000,0.9257,0.9444,0.0417,0.9926,1.0000,0.9399,1.0000,0.8255,0.1574,0
0.1058,0.0458,0.0693,0.0000,0.0127,0.0000,0.0000,0.1475,0.0000,0.1721,0.0000,0.0000,1
1.0000,0.0000,0.0000,0.0000,0.0000,0.0121,1.0000,0.0017,0.0000,0.1588,0.1795,0.0000,3
0.0521,0.9946,0.8906,0.0469,0.0000,0.0000,0.0000,1.0000,1.0000,0.0000,0.0000,0.0000,4
0.0253,0.9878,0.0000,0.0166,0.0784,0.0000,0.0000,0.9330,0.0000,0.0000,0.1740,0.0274,2
0.0234,0.0633,0.0000,0.0504,0.0000,0.0755,0.0000,0.0687,0.1023,0.0000,0.0989,0.0926,1
0.0000,0.0811,0.0540,0.0000,0.0512,0.0197,0.0000,0.0000,0.0000,0.0965,0.0000,0.0000,1
0.9724,0.0000,0.0000,0.0000,0.0000,0.0000,1.0000,0.1141,0.0278,0.0000,0.0000,0.0437,3
1.0000,0.0000,0.0000,0.0802,0.0000,0.0000,1.0000,0.0025,0.0000,0.0987,0.1634,0.0000,3
0.0000,0.0000,0.0039,0.1127,0.0793,0.0632,0.0000,0.0675,0.1176,0.1078,0.0000,0.0000,1
1.0000,1.0000,1.0000,1.0000,1.0000,0.0781,0.9700,1.0000,0.9993,1.0000,0.9243,0.1644,0
0.0000,0.9933,0.0980,0.0000,0.0000,0.1076,0.0000,1.0000,0.0000,0.1004,0.0104,0.0000,2
1.0000,0.0873,0.0303,0.0000,0.0909,0.0568,1.0000,0.0000,0.0360,0.0456,0.0000,0.0706,3
0.0552,0.0567,0.0000,0.0000,0.0191,0.0940,0.0000,0.0967,0.0000,0.0112,0.0000,0.1073,1
0.0000,0.1035,0.0000,0.0000,0.0946,0.0000,0.1342,0.0000,0.0000,0.0000,0.0427,0.0000,1
1.0000,0.9986,1.0000,1.0000,0.9877,0.1018,0.8446,0.9792,0.9290,0.9189,0.8402,0.0026,0
0.9364,0.9088,1.0000,0.9391,1.0000,0.0287,0.9059,0.9625,1.0000,0.9280,0.9338,0.0907,0
1.0000,1.0000,0.9762,0.9140,1.0000,0.0000,1.0000,1.0000,0.8506,0.8389,0.8767,0.0424,0
0.0000,0.9107,1.0000,0.1018,0.0000,0.0000,0.0809,0.9696,0.8211,0.0436,0.0000,0.0000,4
0.9943,0.8989,1.0000,1.0000,1.0000,0.0961,1.0000,1.0000,1.0000,0.8654,0.9724,0.1758,0
0.0245,1.0000,0.0000,0.0478,0.0756,0.0000,0.1647,1.0000,0.0000,0.0000,0.0000,0.1107,2
0.0595,0.0819,0.0000,0.0834,0.0740,0.0055,0.0000,0.0000,0.1222,0.0686,0.0000,0.0913,1
0.9463,0.0000,0.0835,0.0000,0.0000,0.0319,1.0000,0.0377,0.0131,0.1167,0.0525,0.1648,3
0.0000,1.0000,0.0820,0.0000,0.0000,0.0000,0.0000,0.9489,0.0000,0.0000,0.0630,0.0000,2
0.0612,1.0000,0.0109,0.0000,0.0365,0.0000,0.0717,0.9552,0.0925,0.0000,0.0893,0.0000,2
0.9274,0.0102,0.0000,0.0000,0.0166,0.0196,1.0000,0.0000,0.0000,0.0916,0.0365,0.0000,3
0.9019,1.0000,1.0000,1.0000,1.0000,0.1199,1.0000,0.8853,1.0000,1.0000,0.9970,0.0000,0
0.0000,1.0000,0.1025,0.0000,0.0000,0.0195,0.0000,0.9890,0.0000,0.1683,0.1491,0.0000,2
0.9164,0.0113,0.0000,0.0999,0.0000,0.0000,1.0000,0.0000,0.0000,0.0000,0.1438,0.0420,3
0.0595,0.1023,0.0000,0.0905,0.0271,0.0628,0.0000,0.1271,0.0567,0.1074,0.0000,0.0000,1
0.0000,0.9520,0.0000,0.0000,0.0000,0.0712,0.0918,0.9234,0.1690,0.0000,0.0585,0.0000,2
0.9873,0.9085,0.9994,1.0000,0.9046,0.0000,1.0000,0.8945,1.0000,1.0000,0.9508,0.0000,0
1.0000,1.0000,0.9750,1.0000,1.0000,0.0188,1.0000,0.8314,0.9672,1.0000,1.0000,0.1722,0
0.0000,1.0000,1.0000,0.0448,0.0000,0.0000,0.0000,0.9844,1.0000,0.0000,0.0326,0.0981,4
0.9433,0.0000,0.0382,0.0644,0.0937,0.0000,1.0000,0.0294,0.0000,0.0809,0.1354,0.0499,3
0.0000,0.0000,0.0000,0.0531,0.0000,0.0000,0.0376,0.0000,0.0000,0.0034,0.0187,0.0000,1
0.9206,0.0843,0.0000,0.0000,0.0049,0.0998,0.9759,0.0000,0.0900,0.0935,0.0000,0.0000,3
0.0000,0.9400,0.0000,0.0280,0.0000,0.0535,0.0000,0.9357,0.0235,0.0000,0.0000,0.0685,2
1.0000,0.0933,0.1150,0.0592,0.0496,0.1157,0.9485,0.1649,0.0000,0.1296,0.1751,0.0000,3
1.0000,0.8978,1.0000,0.9950,0.9762,0.0016,1.0000,1.0000,0.8506,1.0000,1.0000,0.0000,0
0.0000,1.0000,0.0843,0.0000,0.1152,0.0015,0.1606,1.0000,0.1018,0.0573,0.0000,0.0277,2
1.0000,1.0000,0.8958,0.9027,1.0000,0.0000,0.8709,0.9459,1.0000,1.0000,0.9611,0.0342,0
0.0000,0.0000,0.0000,0.0494,0.0000,0.1188,0.1245,0.1321,0.0000,0.0000,0.1325,0.0000,1
0.1018,0.9309,0.8865,0.1060,0.0931,0.0668,0.0000,0.9981,0.8417,0.0357,0.0000,0.0788,4
1.0000,0.0000,0.0000,0.0000,0.0000,0.0000,1.0000,0.1608,0.0240,0.1388,0.1756,0.1391,3
1.0000,1.0000,1.0000,1.0000,1.0000,0.0000,1.0000,0.9586,1.0000,1.0000,1.0000,0.0000,0
1.0000,0.0000,0.0060,0.1109,0.1064,0.0000,1.0000,0.0000,0.1097,0.0000,0.0359,0.0000,3
0.0419,1.0000,0.0056,0.0000,0.0000,0.0815,0.1491,0.9099,0.0141,0.0959,0.0000,0.0000,2
0.9063,1.0000,1.0000,0.9813,0.8952,0.0000,1.0000,1.0000,0.9161,1.0000,0.8602,0.0000,0
0.0725,0.9871,1.0000,0.0000,0.0000,0.0000,0.0000,1.0000,0.9923,0.0000,0.0000,0.0319,4
0.0041,0.9850,0.0000,0.0723,0.0010,0.0315,0.0000,0.8536,0.0000,0.0464,0.0336,0.0000,2
0.0000,0.9832,1.0000,0.0000,0.0112,0.0000,0.0827,1.0000,1.0000,0.1710,0.0354,0.0689,4
1.0000,0.0477,0.0000,0.0691,0.0000,0.0000,0.8287,0.1567,0.0000,0.0711,0.0000,0.1080,3
0.9447,0.0000,0.0000,0.0000,0.0674,0.0349,0.9535,0.0000,0.0000,0.1303,0.0059,0.0000,3
1.0000,0.9342,1.0000,0.9881,0.9863,0.0864,0.8948,0.8960,1.0000,0.8765,0.8826,0.0000,0
1.0000,0.9936,1.0000,0.9821,1.0000,0.0000,1.0000,1.0000,0.8867,0.8979,0.9943,0.0809,0
0.9456,0.0590,0.0152,0.0000,0.0000,0.0676,0.9338,0.1559,0.0404,0.0847,0.1353,0.0634,3
1.0000,0.0000,0.0375,0.0000,0.0273,0.0519,1.0000,0.0000,0.0000,0.0000,0.0000,0.1393,3
0.0649,0.9116,1.0000,0.0420,0.0000,0.1102,0.1226,1.0000,1.0000,0.0666,0.1440,0.0714,4
1.0000,0.0000,0.0000,0.0000,0.0000,0.0000,0.8464,0.0973,0.0676,0.0285,0.0787,0.0000,3
0.0000,1.0000,1.0000,0.0702,0.0000,0.0000,0.0610,1.0000,0.9422,0.0318,0.1672,0.1068,4
0.0448,0.8938,1.0000,0.0000,0.1000,0.0000,0.0000,0.8999,0.8709,0.0000,0.0000,0.0359,4
0.9900,1.0000,0.9660,0.8952,1.0000,0.0000,1.0000,0.9947,0.9437,1.0000,0.8374,0.0000,0
0.0204,0.9718,0.0337,0.0000,0.0210,0.1172,0.0431,0.8416,0.0000,0.0000,0.0000,0.0000,2
0.0000,0.9242,0.0000,0.0000,0.0472,0.0910,0.0750,1.0000,0.0000,0.0000,0.0000,0.0000,2
0.8974,0.9900,1.0000,1.0000,0.8976,0.0000,1.0000,1.0000,1.0000,1.0000,1.0000,0.0000,0
1.0000,0.0000,0.0000,0.0000,0.0000,0.0000,1.0000,0.0000,0.1235,0.0341,0.0221,0.0000,3
0.0000,0.9705,1.0000,0.0000,0.0000,0.0000,0.1436,0.8861,0.8581,0.0134,0.0000,0.0000,4
1.0000,0.0000,0.1026,0.0598,0.0000,0.0000,0.8619,0.0000,0.0000,0.0000,0.0051,0.1275,3
0.0000,0.9698,0.0239,0.1145,0.0000,0.0000,0.1064,1.0000,0.1265,0.1686,0.1389,0.0000,2
0.0606,0.0370,0.0000,0.0000,0.0000,0.0735,0.0000,0.1387,0.0000,0.0227,0.0000,0.0923,1
1.0000,0.9553,1.0000,1.0000,0.9724,0.0184,1.0000,1.0000,0.9511,0.8452,1.0000,0.0000,0
0.1081,0.0331,0.0499,0.0000,0.0855,0.0000,0.0000,0.0000,0.1570,0.0500,0.1522,0.0000,1
0.0000,0.9979,0.9174,0.0000,0.0348,0.1085,0.0000,1.0000,1.0000,0.1231,0.0000,0.0747,4
0.0624,0.9385,0.9697,0.0161,0.0000,0.0000,0.0000,0.9743,1.0000,0.1167,0.0000,0.0168,4
0.1034,1.0000,1.0000,0.0000,0.0000,0.0000,0.1691,1.0000,0.8244,0.0684,0.0284,0.0000,4
0.0000,0.0317,0.1101,0.0000,0.0083,0.1106,0.0000,0.0000,0.0705,0.1427,0.0470,0.0000,1
0.8813,0.0055,0.0000,0.0707,0.0663,0.0000,0.9439,0.0000,0.0327,0.1479,0.0000,0.0000,3
0.9540,0.8856,1.0000,1.0000,1.0000,0.0000,1.0000,1.0000,0.9751,1.0000,1.0000,0.0950,0
0.9734,0.0616,0.0000,0.0030,0.0748,0.0000,0.9016,0.0565,0.1486,0.0000,0.0975,0.0000,3
1.0000,1.0000,0.9591,0.9093,0.9649,0.0397,1.0000,0.8966,1.0000,0.9007,0.8590,0.1243,0
0.0000,0.0473,0.0000,0.0000,0.0000,0.0558,0.0000,0.0000,0.0000,0.0000,0.0497,0.0000,1
0.0343,0.9193,1.0000,0.0758,0.0000,0.0070,0.0278,0.9641,0.9366,0.0000,0.0000,0.0000,4
0.9889,1.0000,1.0000,0.9432,1.0000,0.0000,1.0000,1.0000,1.0000,1.0000,0.8202,0.0000,0
0.9967,0.0000,0.0829,0.0000,0.0000,0.0000,1.0000,0.0000,0.0000,0.0000,0.0000,0.0765,3
0.8808,0.0000,0.0669,0.0707,0.1066,0.1116,0.8640,0.0605,0.0000,0.0000,0.1040,0.0000,3
0.0412,1.0000,1.0000,0.0000,0.0000,0.0000,0.0000,1.0000,1.0000,0.0540,0.0508,0.0000,4
0.0923,0.9012,1.0000,0.0000,0.0000,0.0000,0.0000,1.0000,1.0000,0.0000,0.0259,0.0000,4
0.0000,1.0000,0.1022,0.0000,0.1138,0.0000,0.0000,0.8322,0.0000,0.0000,0.0677,0.1636,2
0.1013,0.1073,0.0000,0.0000,0.0000,0.0000,0.0000,0.0854,0.0000,0.0000,0.0000,0.0000,1
1.0000,1.0000,1.0000,0.9802,0.9076,0.0000,1.0000,0.9076,1.0000,1.0000,0.9625,0.0000,0
0.9222,1.0000,1.0000,0.8921,0.9398,0.0836,1.0000,1.0000,1.0000,1.0000,1.0000,0.0172,0
0.0000,0.9311,0.0571,0.0165,0.0000,0.0000,0.0000,0.9481,0.0416,0.0000,0.0000,0.0000,2
0.9987,0.0800,0.1160,0.0000,0.0000,0.0355,0.9692,0.0184,0.0245,0.0000,0.1252,0.0291,3
0.0498,1.0000,0.0000,0.0000,0.0582,0.0000,0.0128,0.9083,0.1008,0.1030,0.0973,0.0573,2
0.1089,0.9971,0.0919,0.0000,0.0593,0.0758,0.0000,0.8802,0.0000,0.0041,0.0313,0.0000,2
0.9369,0.0767,0.0000,0.0000,0.0000,0.0026,1.0000,0.1650,0.0000,0.0000,0.0999,0.1049,3
0.0000,0.0420,0.0000,0.0007,0.0636,0.0000,0.1225,0.0129,0.0000,0.0000,0.1786,0.0000,1
0.0000,1.0000,0.9564,0.0000,0.0000,0.0601,0.0651,1.0000,0.9833,0.0720,0.0000,0.1577,4
0.1143,0.9702,0.9257,0.0000,0.0939,0.0108,0.1311,0.9258,0.8355,0.1143,0.0000,0.0000,4
0.0000,0.9887,1.0000,0.0226,0.0385,0.0000,0.1534,1.0000,1.0000,0.0000,0.0000,0.0981,4
0.0551,0.9742,1.0000,0.0000,0.0000,0.0000,0.1533,1.0000,1.0000,0.1644,0.1534,0.0000,4
0.9601,0.0000,0.0589,0.0000,0.0000,0.0000,1.0000,0.0961,0.0000,0.0736,0.0000,0.0780,3
1.0000,1.0000,0.9525,0.9780,0.9135,0.1071,1.0000,1.0000,1.0000,0.9709,1.0000,0.0000,0
1.0000,0.0451,0.0981,0.0000,0.0000,0.0256,0.8600,0.0000,0.0899,0.0000,0.0991,0.0000,3
0.0178,1.0000,1.0000,0.0000,0.0000,0.0738,0.1109,1.0000,1.0000,0.1189,0.0510,0.0934,4
0.1104,1.0000,0.0718,0.0000,0.0798,0.0000,0.0000,0.8595,0.0743,0.1241,0.0000,0.0000,2
0.9278,1.0000,1.0000,0.8909,0.9129,0.0000,0.8785,1.0000,1.0000,0.9277,0.9411,0.1182,0
0.0976,1.0000,0.0000,0.0450,0.0527,0.0259,0.0000,1.0000,0.0000,0.0000,0.0000,0.0333,2
1.0000,0.0000,0.0000,0.0583,0.0000,0.0000,1.0000,0.0000,0.0000,0.0306,0.1354,0.0689,3
0.1066,0.1154,0.0177,0.0000,0.0157,0.0977,0.0000,0.0000,0.1227,0.0000,0.0000,0.0000,1
1.0000,0.9981,0.9542,0.9977,0.9017,0.0000,1.0000,1.0000,1.0000,0.9365,0.8279,0.0312,0
0.0000,1.0000,0.9809,0.0000,0.0000,0.0000,0.1382,1.0000,1.0000,0.0330,0.1663,0.0308,4
0.9345,0.0000,0.0000,0.0000,0.0000,0.0918,0.9264,0.0000,0.0000,0.0000,0.0552,0.0000,3
0.0000,0.0967,0.0820,0.0055,0.0000,0.0000,0.0247,0.0000,0.0000,0.0000,0.0012,0.0000,1
0.0368,0.0805,0.0040,0.0000,0.0977,0.0039,0.0000,0.0000,0.0000,0.0517,0.0000,0.0000,1
0.0128,0.0132,0.0000,0.0000,0.0232,0.0089,0.0525,0.0045,0.0000,0.0000,0.1205,0.0000,1
0.0361,0.9140,0.0056,0.0000,0.0274,0.0515,0.1269,0.8687,0.0088,0.1186,0.0000,0.0000,2
0.9631,0.0000,0.0000,0.0582,0.0000,0.0475,1.0000,0.0000,0.0000,0.1746,0.0000,0.0000,3
0.1177,1.0000,0.0061,0.0000,0.0000,0.0000,0.0000,0.9511,0.0000,0.0000,0.0757,0.1409,2
0.9884,0.9348,0.9613,0.9888,0.9798,0.0000,1.0000,0.8536,0.8548,1.0000,1.0000,0.0203,0
0.0000,0.0000,0.0275,0.0000,0.0000,0.0000,0.0000,0.0000,0.0908,0.0310,0.0000,0.0909,1
0.0000,1.0000,1.0000,0.0274,0.0999,0.0290,0.0000,0.9275,0.9389,0.0000,0.1444,0.1524,4
0.9862,0.0574,0.0000,0.0276,0.0000,0.0099,0.9997,0.0416,0.1218,0.0384,0.0000,0.0732,3
0.8997,0.9170,1.0000,1.0000,1.0000,0.0000,0.8875,0.9816,1.0000,0.9669,0.8295,0.0000,0
1.0000,1.0000,0.9693,1.0000,1.0000,0.0071,0.9593,1.0000,0.9142,0.9137,0.9807,0.1787,0
0.9023,1.0000,0.9239,0.9762,1.0000,0.0000,1.0000,0.8411,1.0000,0.8774,0.9698,0.0327,0
0.1132,0.8945,0.0000,0.0000,0.0764,0.0000,0.0000,0.9834,0.0000,0.0016,0.1491,0.0000,2
0.9795,0.9156,1.0000,1.0000,1.0000,0.1020,0.9579,0.9948,1.0000,0.8335,0.9191,0.0000,0
0.0300,0.0000,0.0632,0.0000,0.0000,0.0488,0.1574,0.0118,0.0412,0.0969,0.0000,0.0238,1
0.0850,0.9242,0.9805,0.0481,0.0000,0.0000,0.0000,0.8872,0.8830,0.0000,0.1668,0.1073,4
0.0936,0.9247,0.0000,0.0000,0.0000,0.0000,0.0000,0.9623,0.0000,0.0000,0.0000,0.1122,2
0.0000,0.0000,0.1123,0.0143,0.0193,0.0000,0.0000,0.0000,0.0000,0.0000,0.1338,0.1205,1
0.0000,1.0000,0.0706,0.0000,0.0819,0.0387,0.1595,1.0000,0.0000,0.0000,0.1130,0.0841,2
1.0000,0.8954,0.9778,1.0000,0.9798,0.0000,0.9569,0.8221,0.9466,1.0000,1.0000,0.1632,0
0.8858,0.0000,0.0716,0.0000,0.0292,0.0000,0.8330,0.1006,0.0823,0.0239,0.0000,0.1685,3
0.0000,0.9190,1.0000,0.0000,0.0000,0.0000,0.1341,1.0000,1.0000,0.1522,0.1523,0.1735,4
1.0000,0.9453,1.0000,0.9966,0.9861,0.0000,1.0000,0.8364,0.9623,1.0000,0.8228,0.0000,0
0.0475,1.0000,0.0000,0.0961,0.0493,0.0292,0.0000,0.9541,0.1139,0.0000,0.1720,0.0714,2
0.0000,0.9098,0.0165,0.0000,0.0862,0.0000,0.0000,1.0000,0.0021,0.0000,0.1352,0.0657,2
0.9893,0.9572,0.9253,1.0000,1.0000,0.0000,1.0000,1.0000,1.0000,0.9983,0.8333,0.0008,0
0.0000,0.0000,0.0737,0.0402,0.0000,0.0427,0.0554,0.0000,0.1505,0.0000,0.0725,0.0000,1
1.0000,0.0000,0.0000,0.1128,0.0739,0.0355,1.0000,0.1176,0.0000,0.0259,0.0000,0.1414,3
1.0000,0.9519,1.0000,1.0000,0.9122,0.0000,1.0000,0.9150,0.9959,1.0000,1.0000,0.0000,0
0.0035,0.8919,1.0000,0.1018,0.0000,0.0000,0.0000,0.9762,0.8613,0.1476,0.0029,0.0473,4
1.0000,0.9903,0.9098,1.0000,0.9859,0.0000,1.0000,0.9186,1.0000,0.9101,0.9539,0.1454,0
0.9495,0.0000,0.0149,0.0962,0.0000,0.0000,1.0000,0.1453,0.1714,0.0590,0.0000,0.0000,3
0.0000,1.0000,1.0000,0.0000,0.0000,0.0609,0.1628,1.0000,1.0000,0.0485,0.0916,0.0000,4
0.9011,0.1014,0.0264,0.1183,0.0605,0.0641,0.8463,0.0532,0.0000,0.0100,0.0693,0.1153,3
0.0491,0.0137,0.0000,0.0000,0.0000,0.0000,0.1279,0.0000,0.0000,0.1228,0.0000,0.0645,1
0.0490,0.0000,0.0000,0.0000,0.0272,0.0000,0.0000,0.0000,0.0346,0.0334,0.1210,0.0718,1
1.0000,1.0000,0.9479,0.9041,0.9266,0.0000,1.0000,0.8655,1.0000,0.9967,1.0000,0.0267,0
0.0000,0.0552,0.0000,0.0477,0.0000,0.0199,0.0000,0.0557,0.0000,0.0000,0.0000,0.1267,1
0.0589,0.9538,0.9418,0.0000,0.0952,0.0269,0.1288,0.9193,0.9823,0.0000,0.1371,0.1357,4
1.0000,0.0000,0.0000,0.0000,0.0000,0.0000,1.0000,0.0000,0.0048,0.1755,0.0238,0.0000,3
0.0000,1.0000,0.0000,0.0432,0.0000,0.0000,0.0000,0.8901,0.0000,0.0259,0.0000,0.0855,2
0.9208,0.1039,0.0000,0.0000,0.0000,0.0000,1.0000,0.0229,0.0000,0.0536,0.1479,0.1574,3
0.0701,0.9551,0.0000,0.0648,0.0475,0.0000,0.0000,1.0000,0.1203,0.0000,0.0000,0.0669,2
1.0000,0.0611,0.1102,0.0000,0.0000,0.0196,1.0000,0.0000,0.0000,0.0353,0.1357,0.0000,3
0.0207,1.0000,0.0044,0.0000,0.0000,0.0791,0.0000,1.0000,0.0820,0.0000,0.0490,0.0996,2
1.0000,0.9076,1.0000,1.0000,1.0000,0.0000,0.9035,0.9658,0.8864,1.0000,0.9756,0.0000,0
0.9508,0.0000,0.0000,0.0698,0.0000,0.0144,0.9372,0.0000,0.0797,0.0000,0.1696,0.0000,3
0.9279,0.8862,0.9210,0.9500,0.8997,0.0825,0.8866,1.0000,0.9530,0.9805,0.9148,0.0000,0
0.0746,1.0000,1.0000,0.0540,0.0000,0.0000,0.0000,0.9087,1.0000,0.0000,0.0097,0.0000,4
0.9324,0.1181,0.0170,0.0000,0.0000,0.0666,0.9350,0.0000,0.0000,0.1385,0.1657,0.0942,3
0.0991,0.9382,0.0787,0.0000,0.0000,0.1109,0.0586,0.8466,0.1215,0.1334,0.0000,0.0000,2
0.0000,1.0000,0.0000,0.0754,0.0000,0.0000,0.0448,1.0000,0.0000,0.0000,0.0000,0.0000,2
0.0000,1.0000,0.0000,0.0000,0.0000,0.0000,0.0000,1.0000,0.1211,0.0000,0.1484,0.0000,2
0.0358,0.0000,0.0673,0.0000,0.0416,0.0000,0.0000,0.1108,0.0000,0.0473,0.0258,0.1256,1
0.9615,0.9599,0.9204,1.0000,0.9074,0.0024,0.8727,0.8910,1.0000,1.0000,1.0000,0.0000,0
0.8847,1.0000,1.0000,1.0000,0.9538,0.0000,1.0000,0.8662,0.9911,1.0000,0.9154,0.1341,0
0.0000,0.0522,0.0000,0.0000,0.0747,0.0529,0.0000,0.0265,0.0000,0.0466,0.0000,0.0260,1
0.9105,1.0000,0.9445,1.0000,1.0000,0.0000,0.9839,0.9496,0.9999,1.0000,0.9524,0.0000,0
1.0000,1.0000,0.9123,0.9997,1.0000,0.0000,1.0000,1.0000,0.8662,0.9595,1.0000,0.1378,0
0.9850,0.9786,1.0000,0.9370,0.9866,0.0000,1.0000,0.9524,1.0000,1.0000,0.9862,0.0000,0
0.1188,0.0000,0.0425,0.0000,0.0000,0.0000,0.0000,0.0000,0.0000,0.0000,0.0695,0.0673,1
0.0000,1.0000,0.0000,0.0000,0.0000,0.0728,0.0000,1.0000,0.0636,0.0081,0.0414,0.0000,2
0.0000,0.0129,0.0000,0.0783,0.0803,0.0000,0.1203,0.0000,0.0554,0.1414,0.0000,0.0000,1
0.0892,0.0000,0.0083,0.0000,0.0000,0.0000,0.0427,0.1706,0.0000,0.0626,0.0685,0.0000,1
0.0596,1.0000,0.0000,0.0000,0.1185,0.0000,0.1320,1.0000,0.0000,0.0000,0.1272,0.1699,2
1.0000,0.0433,0.0000,0.0000,0.0324,0.0000,0.9775,0.0000,0.0000,0.0000,0.1013,0.1201,3
0.0769,1.0000,0.0579,0.0000,0.0000,0.0000,0.0000,1.0000,0.0000,0.0000,0.0000,0.0000,2
0.0414,0.9792,0.0949,0.0488,0.0630,0.0092,0.0620,0.9471,0.1126,0.1179,0.0000,0.0000,2
1.0000,1.0000,1.0000,0.9417,1.0000,0.0000,1.0000,1.0000,1.0000,1.0000,1.0000,0.1097,0
0.0659,1.0000,0.0965,0.0230,0.0000,0.0446,0.0000,0.9080,0.0868,0.1704,0.0000,0.0880,2
0.9563,0.0086,0.0000,0.0862,0.0000,0.0000,0.9403,0.0000,0.0000,0.1466,0.0000,0.0551,3
0.0727,0.9997,0.1177,0.0000,0.0000,0.0000,0.1757,1.0000,0.0000,0.1230,0.0000,0.1425,2
1.0000,1.0000,0.9790,1.0000,0.9355,0.0497,0.9940,0.9956,0.8224,1.0000,0.8243,0.0106,0
0.0495,0.0000,0.0000,0.0518,0.0000,0.0000,0.0024,0.0000,0.0000,0.1695,0.0421,0.0000,1
1.0000,0.0000,0.0858,0.0000,0.1070,0.0808,0.9603,0.0000,0.1625,0.0000,0.0530,0.0000,3
0.9682,1.0000,1.0000,1.0000,1.0000,0.1139,0.9163,0.8849,1.0000,0.9312,0.9423,0.0000,0
0.9459,1.0000,0.8841,1.0000,1.0000,0.0735,1.0000,0.9162,0.9629,0.9543,0.9662,0.0234,0
0.9139,0.0000,0.0365,0.0000,0.0799,0.0659,1.0000,0.0000,0.0000,0.0698,0.0000,0.0601,3
1.0000,0.0620,0.0000,0.0000,0.1194,0.0248,0.9718,0.0497,0.1315,0.0000,0.0807,0.0000,3
0.0849,0.0000,0.0000,0.0000,0.0000,0.1146,0.0000,0.1100,0.1693,0.0000,0.1427,0.0000,1
0.0000,0.8961,0.1145,0.0000,0.0000,0.0466,0.0213,0.9014,0.0464,0.1540,0.0000,0.1155,2
0.9557,0.0529,0.0120,0.0309,0.0351,0.0000,1.0000,0.0000,0.0782,0.0000,0.0000,0.0000,3
0.0268,0.9579,0.0000,0.0758,0.0777,0.0000,0.1010,0.8583,0.0885,0.0000,0.0554,0.1332,2
0.0000,0.9977,1.0000,0.0000,0.0191,0.0140,0.1056,0.9630,1.0000,0.1307,0.0173,0.0000,4
0.0175,1.0000,0.9789,0.0000,0.0000,0.1096,0.0000,0.9907,1.0000,0.1119,0.0000,0.1446,4
0.1177,1.0000,0.0000,0.1102,0.0240,0.1155,0.1382,0.9345,0.1266,0.0000,0.0000,0.0391,2
0.0000,0.8944,1.0000,0.0000,0.0000,0.0000,0.0000,0.9391,1.0000,0.1114,0.0000,0.0000,4
0.8857,0.9264,0.9588,1.0000,1.0000,0.0000,1.0000,0.8843,1.0000,0.9156,0.8590,0.0000,0
0.0992,1.0000,0.9383,0.0000,0.0967,0.0000,0.1648,1.0000,0.9844,0.0915,0.1786,0.0203,4
1.0000,1.0000,1.0000,0.9221,1.0000,0.0953,0.9365,0.9093,0.9139,0.9048,1.0000,0.1635,0
1.0000,0.9543,0.9704,1.0000,1.0000,0.0408,0.9503,0.9505,0.8849,0.8971,1.0000,0.0000,0
1.0000,0.9117,1.0000,1.0000,0.9677,0.0439,0.8343,0.8418,1.0000,1.0000,1.0000,0.0004,0
0.0000,0.0000,0.0979,0.0000,0.0000,0.0000,0.1206,0.0000,0.0160,0.0000,0.0553,0.0000,1
0.0000,0.9319,0.9786,0.0000,0.0789,0.0000,0.0490,1.0000,1.0000,0.0000,0.1751,0.1621,4
0.0000,0.0305,0.0941,0.0089,0.0000,0.0682,0.0129,0.0000,0.0668,0.1078,0.1397,0.0000,1
0.0000,0.9563,0.8876,0.0000,0.0000,0.0000,0.0891,1.0000,0.8656,0.0000,0.0138,0.0911,4
0.8970,0.9719,1.0000,0.9046,0.9552,0.0914,1.0000,0.8231,1.0000,0.9784,1.0000,0.0461,0
0.0652,0.0898,0.0000,0.0696,0.0000,0.0000,0.0000,0.0000,0.1606,0.0153,0.1060,0.1036,1
0.0439,0.0000,0.1003,0.0330,0.1095,0.0000,0.0000,0.0983,0.0897,0.0844,0.0319,0.0000,1
0.0202,0.8888,0.0000,0.0000,0.0872,0.0000,0.0000,0.8503,0.0000,0.0000,0.0302,0.0000,2
0.0000,0.9238,0.9688,0.0757,0.1064,0.1086,0.1701,1.0000,0.9719,0.0000,0.0000,0.0530,4
0.0000,1.0000,1.0000,0.0000,0.0694,0.0000,0.0000,1.0000,0.9482,0.0000,0.0951,0.0148,4
0.0000,0.9181,0.9383,0.0000,0.0521,0.0000,0.1344,1.0000,0.9250,0.1736,0.0000,0.0000,4
1.0000,0.0815,0.0000,0.0000,0.0000,0.0000,0.9607,0.0383,0.1321,0.0895,0.0000,0.0414,3
0.0000,1.0000,0.0235,0.1070,0.0574,0.0000,0.0000,0.8285,0.1249,0.0000,0.0000,0.0142,2
0.0000,0.9939,1.0000,0.0372,0.0000,0.0832,0.0000,1.0000,1.0000,0.0000,0.0789,0.0011,4
0.0000,0.9930,0.0392,0.0000,0.0021,0.0603,0.0700,1.0000,0.0000,0.0000,0.0000,0.1516,2
0.0970,0.9650,0.0000,0.0137,0.0509,0.0000,0.0859,0.9478,0.0000,0.0000,0.0000,0.1205,2
0.0451,0.0000,0.0000,0.0000,0.1186,0.0000,0.0699,0.0000,0.0045,0.0271,0.1243,0.0000,1
0.0637,0.0000,0.0000,0.0386,0.0000,0.0080,0.0638,0.1491,0.1062,0.0826,0.0000,0.1618,1
0.9385,0.0717,0.0000,0.0000,0.0626,0.0000,1.0000,0.0000,0.0000,0.0000,0.0000,0.0000,3
0.0000,0.0635,0.0984,0.0738,0.0443,0.0000,0.0493,0.0424,0.0000,0.0442,0.0000,0.0000,1
0.9424,0.0518,0.0000,0.0664,0.0353,0.0082,1.0000,0.0000,0.0780,0.0042,0.0539,0.0000,3
1.0000,0.0000,0.0655,0.0000,0.0000,0.0000,0.9335,0.0000,0.0000,0.0000,0.0000,0.0000,3
1.0000,1.0000,1.0000,1.0000,1.0000,0.0000,0.9155,1.0000,0.9838,0.9723,1.0000,0.1784,0
0.0467,0.9624,1.0000,0.0447,0.0000,0.0865,0.0068,1.0000,1.0000,0.0211,0.0000,0.0000,4
0.9282,1.0000,0.9529,1.0000,0.9913,0.0220,0.8223,0.9676,0.9039,0.9447,1.0000,0.1358,0
0.0000,0.9267,0.0206,0.0637,0.0000,0.0000,0.0000,0.8277,0.1234,0.1478,0.0000,0.0639,2
1.0000,0.9555,1.0000,0.9750,1.0000,0.0000,0.9638,0.8990,1.0000,1.0000,0.8527,0.0000,0
0.0000,0.9018,1.0000,0.0712,0.0000,0.0000,0.0765,1.0000,0.8390,0.0000,0.1353,0.1076,4
0.0634,0.9660,1.0000,0.0315,0.0186,0.0794,0.1430,0.9527,0.8701,0.0000,0.0000,0.0000,4
0.0000,0.0583,0.0000,0.0826,0.0000,0.0000,0.0000,0.1095,0.0000,0.0144,0.0000,0.0000,1
0.0000,0.1197,0.0000,0.0000,0.0000,0.0381,0.1720,0.0000,0.1711,0.0000,0.0342,0.1766,1
1.0000,0.9863,1.0000,0.9447,0.9800,0.0349,1.0000,1.0000,0.8772,0.9320,1.0000,0.0000,0
0.0235,0.0815,0.0000,0.0000,0.0317,0.0204,0.0000,0.0000,0.0203,0.0000,0.0000,0.0398,1
0.0000,1.0000,0.9830,0.0000,0.0000,0.0365,0.0000,1.0000,0.9811,0.0971,0.0413,0.0851,4
0.0000,0.9062,0.0000,0.0531,0.0427,0.0860,0.0000,1.0000,0.1529,0.0000,0.0000,0.1079,2
0.0000,0.9077,0.9020,0.0648,0.0000,0.0000,0.0000,0.8636,0.8449,0.1232,0.0989,0.0000,4
0.0000,1.0000,0.1183,0.0556,0.0000,0.0000,0.0470,1.0000,0.0997,0.0745,0.0000,0.1529,2
0.0000,1.0000,1.0000,0.0000,0.0490,0.0000,0.0126,1.0000,1.0000,0.0000,0.0171,0.0000,4
0.9162,0.8948,0.9048,1.0000,0.9624,0.0514,0.8771,0.9542,0.9218,0.9672,0.9418,0.0352,0
0.0265,1.0000,1.0000,0.0000,0.0759,0.0000,0.1058,0.8392,1.0000,0.0000,0.0000,0.0000,4
1.0000,0.0000,0.0000,0.0000,0.0000,0.0164,0.8868,0.0328,0.1677,0.0960,0.1039,0.0000,3
0.0000,0.9327,0.0000,0.0000,0.0000,0.0297,0.0000,1.0000,0.0000,0.0000,0.0000,0.0000,2
0.8965,0.0000,0.0000,0.0000,0.0000,0.1183,0.8499,0.0370,0.1078,0.0000,0.1408,0.0000,3
0.0360,0.9889,0.0000,0.0000,0.0000,0.0000,0.1306,0.9585,0.0000,0.0000,0.0000,0.0000,2
0.0000,0.0000,0.0033,0.0000,0.0000,0.0136,0.0000,0.0000,0.0000,0.1557,0.0416,0.0583,1
1.0000,0.9448,1.0000,0.9129,1.0000,0.0000,0.9147,1.0000,0.8926,1.0000,0.9263,0.0000,0
0.0000,0.9239,1.0000,0.0226,0.0098,0.0000,0.0360,1.0000,0.8559,0.0000,0.0000,0.1004,4
0.9500,0.0000,0.0000,0.0000,0.0379,0.0000,1.0000,0.0000,0.0665,0.0000,0.0123,0.0427,3
0.8802,0.0000,0.0919,0.0000,0.0000,0.0000,0.9918,0.0000,0.0000,0.0672,0.0716,0.1486,3
0.9209,0.0000,0.0000,0.0846,0.0000,0.0000,0.8251,0.1609,0.0000,0.0000,0.0000,0.0000,3
0.0000,1.0000,0.0508,0.0000,0.0271,0.0744,0.0000,1.0000,0.0000,0.1604,0.0000,0.1334,2
0.0000,0.1196,0.0000,0.0000,0.0000,0.1180,0.0227,0.0000,0.0957,0.1534,0.0000,0.1662,1
0.9077,0.0987,0.0000,0.0000,0.0347,0.0138,0.8749,0.1334,0.0002,0.0000,0.0921,0.0613,3
0.0063,1.0000,1.0000,0.0107,0.0255,0.0000,0.0000,1.0000,1.0000,0.0804,0.1642,0.1505,4
0.0207,1.0000,0.0000,0.0000,0.0000,0.0924,0.0000,1.0000,0.0059,0.0823,0.0545,0.1549,2
0.0960,0.9140,0.0000,0.0000,0.0000,0.0000,0.0299,0.9958,0.0000,0.0000,0.1148,0.0242,2
0.0643,1.0000,0.0000,0.0000,0.1047,0.0000,0.0408,0.9291,0.0784,0.0000,0.0000,0.0000,2
0.9087,0.0775,0.0922,0.1081,0.0131,0.0000,0.8864,0.0945,0.1103,0.0000,0.0415,0.0000,3
0.9705,0.0236,0.0060,0.0000,0.0000,0.0953,1.0000,0.0000,0.0372,0.0493,0.0000,0.0000,3
0.0784,1.0000,0.1116,0.0000,0.0000,0.0000,0.1006,0.8640,0.0000,0.0000,0.0000,0.0000,2
1.0000,0.0000,0.1148,0.0298,0.0563,0.0000,0.9408,0.1091,0.1273,0.1023,0.0000,0.0000,3
1.0000,0.0000,0.0582,0.0000,0.0000,0.0000,0.9768,0.1134,0.0000,0.0000,0.0000,0.1575,3
1.0000,0.0935,0.0422,0.0000,0.1107,0.0000,1.0000,0.1403,0.0000,0.1506,0.1738,0.0000,3
0.0000,0.9398,0.9049,0.0000,0.0946,0.0170,0.1437,1.0000,0.8894,0.0469,0.1024,0.0000,4
0.0182,0.8800,1.0000,0.1043,0.0608,0.0135,0.1160,0.9043,0.8363,0.0000,0.1178,0.0000,4
0.0651,1.0000,0.9297,0.0000,0.0000,0.0502,0.0000,1.0000,1.0000,0.0000,0.0000,0.0109,4
0.1070,0.0769,0.0337,0.0000,0.0000,0.0377,0.0000,0.0000,0.0000,0.0000,0.0000,0.1789,1
0.1142,0.0182,0.0000,0.0807,0.0703,0.0634,0.0192,0.0000,0.1532,0.0000,0.0000,0.1251,1
0.0000,0.9225,0.9138,0.1063,0.0000,0.0210,0.0000,0.8675,1.0000,0.0000,0.0000,0.0000,4
0.0000,0.9483,0.0000,0.0000,0.0000,0.0925,0.0000,0.8945,0.1220,0.0918,0.0000,0.1449,2
0.0000,1.0000,0.0000,0.1073,0.0000,0.0000,0.0000,1.0000,0.0911,0.1396,0.1677,0.0000,2
1.0000,0.0000,0.0000,0.1132,0.0454,0.0000,0.9542,0.0000,0.1717,0.0496,0.1375,0.0000,3
1.0000,0.0519,0.0000,0.0586,0.0000,0.0212,1.0000,0.0000,0.0872,0.0000,0.0000,0.0948,3
0.0249,0.9090,0.0000,0.0000,0.0000,0.0799,0.1230,1.0000,0.1158,0.0653,0.1294,0.0422,2
0.9294,0.0696,0.0793,0.0000,0.0354,0.0000,1.0000,0.0000,0.1679,0.1127,0.1742,0.0000,3
0.0637,0.0912,0.0000,0.0000,0.0000,0.1041,0.0945,0.0403,0.0000,0.0241,0.0000,0.0000,1
0.0000,0.0000,0.0368,0.0000,0.0849,0.0401,0.0620,0.0400,0.0689,0.0342,0.1034,0.0000,1
0.1054,0.0000,0.0474,0.0000,0.0000,0.0000,0.1233,0.0565,0.0000,0.0000,0.0761,0.1655,1
1.0000,1.0000,0.9211,1.0000,0.9192,0.0000,0.9025,0.8316,0.9336,0.9164,0.8960,0.1594,0
0.0000,0.9619,0.0154,0.0954,0.0192,0.0826,0.0845,1.0000,0.0000,0.0069,0.0270,0.0416,2
0.0298,0.0000,0.0000,0.0013,0.0843,0.0000,0.0330,0.0000,0.0000,0.1108,0.0000,0.0723,1
0.9838,0.0000,0.0179,0.0000,0.0788,0.0000,0.9848,0.0595,0.0972,0.0268,0.0000,0.1369,3
0.0400,0.9098,0.9406,0.0000,0.0372,0.0205,0.0472,0.9170,0.8211,0.0000,0.1791,0.0000,4
0.0789,0.9988,0.0490,0.0000,0.1155,0.0000,0.1316,0.8844,0.0000,0.0000,0.1744,0.0573,2
0.0000,1.0000,0.9351,0.0835,0.0915,0.0000,0.0000,0.9907,0.9232,0.1458,0.1233,0.0000,4
0.0313,1.0000,1.0000,0.0551,0.0879,0.0000,0.1034,1.0000,1.0000,0.1509,0.0456,0.1610,4
0.9516,0.0251,0.0000,0.0000,0.0000,0.0000,1.0000,0.0897,0.0537,0.0000,0.0000,0.0000,3
0.1159,0.0733,0.1174,0.0157,0.0946,0.0307,0.0621,0.0772,0.0071,0.0000,0.0000,0.0297,1
0.0935,0.0000,0.0722,0.0000,0.0139,0.1052,0.0000,0.0000,0.1601,0.1658,0.0000,0.0811,1
0.0051,0.1157,0.0000,0.0435,0.0000,0.0000,0.0000,0.1395,0.1309,0.0000,0.0000,0.0478,1
0.9143,0.0233,0.0000,0.1041,0.0640,0.0000,1.0000,0.0000,0.0000,0.0519,0.0000,0.0000,3
0.0048,0.9624,0.0270,0.0000,0.0000,0.1124,0.0000,1.0000,0.0446,0.0592,0.0000,0.0000,2
0.0786,0.9046,0.9264,0.0047,0.1137,0.0000,0.0000,1.0000,1.0000,0.0142,0.1356,0.1253,4
0.0000,0.0084,0.0000,0.0000,0.0000,0.0516,0.1078,0.1793,0.0000,0.1049,0.0000,0.1237,1
0.0354,0.9357,1.0000,0.0000,0.0906,0.0919,0.0000,0.8935,1.0000,0.0200,0.0000,0.0000,4
0.0719,0.8837,0.0000,0.0000,0.0223,0.0000,0.0000,1.0000,0.0595,0.0968,0.0000,0.0000,2
0.0000,0.0319,0.0565,0.0000,0.0000,0.0527,0.1203,0.0000,0.1785,0.0000,0.0000,0.1036,1
0.0000,1.0000,0.9555,0.0189,0.0000,0.0000,0.0824,1.0000,1.0000,0.0000,0.0000,0.0000,4
1.0000,1.0000,0.9519,1.0000,0.9684,0.0417,0.9909,1.0000,1.0000,1.0000,1.0000,0.0797,0
0.0653,1.0000,0.9578,0.0000,0.0384,0.0000,0.1181,0.9905,0.9515,0.0000,0.0830,0.1047,4
0.9236,0.0000,0.0000,0.0893,0.0990,0.0239,1.0000,0.0000,0.0000,0.0135,0.1649,0.1587,3
1.0000,0.0000,0.0560,0.0565,0.0000,0.0717,0.8719,0.0000,0.0546,0.0945,0.0000,0.0000,3
0.0000,1.0000,0.0000,0.0000,0.0000,0.0000,0.1585,1.0000,0.0000,0.0000,0.0508,0.0318,2
0.9612,0.0000,0.0000,0.0762,0.0000,0.0000,1.0000,0.0000,0.0071,0.0589,0.0000,0.0098,3
1.0000,0.0933,0.0350,0.0613,0.0000,0.0238,1.0000,0.0000,0.0509,0.0000,0.0000,0.0000,3
0.0000,0.8985,0.0166,0.0753,0.0000,0.0000,0.1013,1.0000,0.0000,0.0000,0.1372,0.0000,2
0.0270,0.0666,0.0000,0.0000,0.0000,0.0000,0.0692,0.0000,0.0503,0.0083,0.0000,0.1577,1
0.0000,0.9797,0.9928,0.0000,0.0224,0.0000,0.0000,1.0000,1.0000,0.0000,0.0000,0.0577,4
0.0000,0.9822,0.9831,0.0000,0.0000,0.0000,0.1161,1.0000,0.9782,0.0000,0.0000,0.0000,4
0.0301,0.9137,0.9609,0.0000,0.0396,0.1157,0.0000,1.0000,1.0000,0.1223,0.0000,0.0872,4
0.0000,0.0000,0.0914,0.0000,0.0000,0.0787,0.0000,0.0000,0.0000,0.0000,0.0000,0.1360,1
0.0000,0.0010,0.0499,0.0000,0.0215,0.0000,0.0000,0.1745,0.0000,0.0000,0.0000,0.0944,1
1.0000,1.0000,0.9737,0.9928,1.0000,0.1154,1.0000,1.0000,0.9397,0.8360,1.0000,0.1129,0
1.0000,0.8949,0.9131,0.9298,0.9580,0.0389,1.0000,1.0000,1.0000,1.0000,1.0000,0.0000,0
0.0000,1.0000,1.0000,0.0000,0.0000,0.1040,0.1430,1.0000,1.0000,0.0000,0.0000,0.0000,4
0.0000,0.8892,0.0000,0.0000,0.0000,0.0000,0.0909,1.0000,0.1485,0.0000,0.0000,0.1160,2
0.9796,0.9038,0.9974,0.9779,1.0000,0.0000,1.0000,1.0000,0.9491,0.9633,0.8883,0.0000,0
0.0521,0.9377,0.9127,0.0000,0.0000,0.1042,0.0225,1.0000,1.0000,0.0000,0.0268,0.1709,4
0.1082,0.0000,0.0000,0.0000,0.0684,0.0667,0.1525,0.0837,0.0085,0.0992,0.0000,0.1338,1
0.0241,0.9639,0.0000,0.0000,0.0026,0.0000,0.0000,0.9376,0.1037,0.0000,0.0000,0.0547,2
1.0000,0.9127,0.9570,1.0000,0.9282,0.0000,0.9073,0.9554,1.0000,0.9615,0.8610,0.0230,0
0.0312,0.8976,1.0000,0.0000,0.0000,0.0000,0.0828,0.8994,0.9207,0.0000,0.0000,0.0000,4
0.0000,1.0000,0.9679,0.0772,0.0684,0.0000,0.1282,1.0000,1.0000,0.1031,0.0000,0.0448,4
0.9731,0.0000,0.1068,0.0541,0.0986,0.0289,1.0000,0.0000,0.1768,0.0926,0.0000,0.0000,3
0.0000,0.0720,0.0395,0.0000,0.0000,0.0000,0.0746,0.0259,0.1066,0.0747,0.0220,0.0000,1
0.0073,0.1192,0.0777,0.1155,0.0000,0.0405,0.0000,0.1497,0.1602,0.0000,0.0145,0.0000,1
0.9993,0.0000,0.1088,0.0000,0.0144,0.0142,1.0000,0.0251,0.1610,0.0820,0.0769,0.0000,3
0.0472,1.0000,0.0748,0.0338,0.0519,0.0953,0.1544,0.9549,0.0000,0.0000,0.0000,0.1761,2
0.0000,0.9909,0.9350,0.0000,0.0000,0.0889,0.0735,0.8289,1.0000,0.0000,0.0114,0.0101,4
0.9332,0.0260,0.0643,0.0000,0.0000,0.0776,0.8960,0.0000,0.0000,0.0555,0.0000,0.0000,3
0.0000,1.0000,1.0000,0.0431,0.0000,0.0450,0.0000,0.8483,1.0000,0.0000,0.1197,0.0136,4
0.0000,0.0000,0.0000,0.0096,0.0000,0.0006,0.0017,0.0000,0.0000,0.0000,0.0000,0.0000,1
0.9754,0.0502,0.0000,0.0000,0.0000,0.1120,1.0000,0.1635,0.0000,0.0000,0.1758,0.0000,3
0.0000,1.0000,0.1025,0.0000,0.0697,0.0342,0.0000,0.8500,0.0740,0.0177,0.0799,0.0000,2
0.0000,0.9535,0.0320,0.0000,0.0000,0.0000,0.0000,0.9351,0.0000,0.0000,0.0000,0.0881,2
0.0000,0.0000,0.0000,0.0000,0.0694,0.0000,0.0000,0.0000,0.0427,0.1551,0.1789,0.0450,1
0.0986,0.9596,0.0000,0.0560,0.1056,0.0000,0.0000,0.9028,0.0981,0.0000,0.0000,0.0000,2
1.0000,0.0586,0.0000,0.0135,0.0026,0.0000,0.9227,0.0000,0.0372,0.0545,0.0042,0.0000,3
0.0527,0.9239,1.0000,0.1120,0.0371,0.0447,0.0000,1.0000,1.0000,0.1240,0.0000,0.0183,4
0.0000,1.0000,0.0000,0.0205,0.0000,0.0000,0.0000,0.9141,0.0000,0.0000,0.0230,0.0644,2
1.0000,0.0000,0.1154,0.0682,0.0018,0.0000,1.0000,0.1746,0.0000,0.0267,0.0000,0.0428,3
0.0000,0.0000,0.0000,0.0000,0.0000,0.0197,0.0805,0.1054,0.0000,0.1173,0.0683,0.0274,1
0.9121,0.9168,1.0000,1.0000,0.9798,0.0118,1.0000,0.8495,0.9808,1.0000,0.8481,0.0231,0
0.0000,0.9951,0.9055,0.0808,0.0000,0.0000,0.0000,1.0000,1.0000,0.0194,0.0000,0.0000,4
0.9959,1.0000,1.0000,0.9514,0.8975,0.0000,1.0000,1.0000,1.0000,0.8671,0.9534,0.0222,0
1.0000,0.9418,1.0000,1.0000,1.0000,0.0000,1.0000,1.0000,0.8411,0.8322,1.0000,0.1603,0
0.9023,1.0000,0.9579,0.9725,0.9500,0.0000,0.9571,0.8700,0.9284,0.9975,0.8428,0.0000,0
0.0000,0.9843,0.8863,0.0238,0.0000,0.0000,0.0000,1.0000,0.9049,0.0000,0.0000,0.0000,4
0.0000,0.0712,0.0222,0.0000,0.0658,0.0544,0.0000,0.0543,0.0000,0.0000,0.0853,0.0000,1
0.0271,0.0000,0.0117,0.0000,0.0000,0.0271,0.0000,0.0000,0.0000,0.0273,0.0000,0.0000,1
0.0000,1.0000,0.0000,0.1048,0.0000,0.0000,0.0488,0.8501,0.0000,0.0000,0.0000,0.0764,2
0.0836,1.0000,0.0115,0.0000,0.0427,0.1177,0.1283,0.9618,0.0000,0.0908,0.0289,0.1098,2
0.0252,0.9807,0.0000,0.1182,0.0000,0.0000,0.0505,0.9506,0.0000,0.0000,0.1328,0.0000,2
0.0000,0.0000,0.0644,0.0989,0.0157,0.0383,0.0967,0.0000,0.0455,0.0000,0.0000,0.0000,1
0.0541,0.8970,0.9419,0.0000,0.0000,0.0148,0.1021,1.0000,0.9776,0.0086,0.1373,0.0000,4
0.0541,0.9210,0.9646,0.0985,0.0686,0.0053,0.0011,0.8961,0.9537,0.0181,0.0000,0.0319,4
1.0000,1.0000,0.9059,0.8862,0.9549,0.0426,0.8567,1.0000,1.0000,1.0000,0.8636,0.1742,0
0.9356,0.0000,0.0000,0.0371,0.0682,0.1089,1.0000,0.0000,0.0765,0.0000,0.0000,0.1142,3
0.0000,1.0000,1.0000,0.0393,0.0883,0.0613,0.0000,1.0000,0.8833,0.0887,0.1269,0.0000,4
0.0000,0.0000,0.0000,0.0889,0.0000,0.0175,0.0943,0.0017,0.0000,0.0000,0.0000,0.1319,1
0.0690,0.0107,0.0000,0.0390,0.0000,0.1034,0.0000,0.1641,0.0000,0.0000,0.1131,0.0977,1
0.0991,1.0000,1.0000,0.0000,0.0000,0.0348,0.1160,1.0000,1.0000,0.0291,0.0000,0.0000,4
0.0000,0.0000,0.0703,0.0032,0.0000,0.0000,0.0000,0.1444,0.0000,0.0000,0.0000,0.1245,1
1.0000,1.0000,1.0000,0.8977,1.0000,0.0342,0.8855,1.0000,0.9757,1.0000,0.8399,0.0000,0
0.0000,0.0000,0.0000,0.0937,0.0000,0.1027,0.0000,0.0000,0.0692,0.0000,0.0000,0.1266,1
0.0960,0.0000,0.0000,0.0279,0.0000,0.0202,0.0000,0.0863,0.0000,0.1224,0.0000,0.0839,1
0.0000,0.8893,0.1012,0.0000,0.0157,0.0000,0.0679,1.0000,0.0543,0.1535,0.0848,0.0000,2
0.0000,1.0000,0.0000,0.0704,0.0000,0.0725,0.1157,0.9585,0.0291,0.0000,0.0280,0.0697,2
0.0773,0.1051,0.0424,0.0000,0.0539,0.0000,0.0000,0.0000,0.0000,0.0074,0.0572,0.0000,1
0.0000,1.0000,0.0440,0.0000,0.0000,0.0130,0.1353,0.9773,0.0000,0.0000,0.0000,0.1566,2
0.0419,1.0000,0.0000,0.0000,0.0000,0.0577,0.1761,0.8223,0.0000,0.0676,0.0000,0.0000,2
0.9437,0.0074,0.0000,0.1085,0.0000,0.0000,0.9700,0.0006,0.1629,0.1061,0.0504,0.0000,3
0.0749,0.9973,0.0045,0.0203,0.0513,0.0696,0.0000,1.0000,0.1082,0.0000,0.0000,0.0000,2
0.9029,1.0000,0.8902,0.9307,1.0000,0.0930,0.8318,1.0000,0.9332,1.0000,1.0000,0.0908,0
0.0786,0.0000,0.0000,0.0272,0.0000,0.0041,0.1576,0.0706,0.0000,0.0000,0.0000,0.0000,1
0.0000,0.9564,1.0000,0.0718,0.1048,0.0383,0.0000,0.9742,0.8261,0.1560,0.0000,0.0795,4
0.9494,0.9442,1.0000,1.0000,1.0000,0.0000,1.0000,0.9099,1.0000,1.0000,1.0000,0.0634,0
0.1193,0.9631,1.0000,0.0859,0.0159,0.0522,0.0000,1.0000,1.0000,0.1775,0.0000,0.0562,4
0.0000,1.0000,0.0000,0.1047,0.0000,0.0000,0.1362,0.8435,0.0000,0.1527,0.1062,0.0000,2
1.0000,0.0000,0.0000,0.0000,0.0770,0.0107,0.9665,0.0289,0.0000,0.1741,0.0962,0.0000,3
1.0000,0.0824,0.0603,0.0000,0.1061,0.0263,1.0000,0.1417,0.0000,0.0000,0.1577,0.0000,3
1.0000,0.0795,0.0495,0.0631,0.0000,0.0000,0.9729,0.0000,0.0000,0.0000,0.0866,0.0311,3
1.0000,1.0000,1.0000,0.9336,1.0000,0.0000,0.9610,1.0000,1.0000,0.8317,1.0000,0.1516,0
0.0000,1.0000,0.0000,0.0450,0.0000,0.0000,0.0384,0.8313,0.1713,0.1777,0.0000,0.0410,2
0.0000,1.0000,1.0000,0.0014,0.0524,0.0000,0.0116,1.0000,0.8202,0.0517,0.0656,0.1053,4
0.0050,0.8987,0.9909,0.0000,0.0000,0.0230,0.0183,0.8851,0.9753,0.1647,0.0000,0.1063,4
0.1145,1.0000,1.0000,0.0757,0.0000,0.0000,0.0000,0.8311,1.0000,0.0198,0.0000,0.0000,4
0.0000,0.0000,0.0263,0.0501,0.1150,0.0000,0.0000,0.0000,0.0217,0.0495,0.0000,0.0000,1
0.0000,0.9745,0.0000,0.0112,0.0000,0.0000,0.0000,1.0000,0.1713,0.0000,0.0000,0.1313,2
0.9845,1.0000,1.0000,1.0000,0.9419,0.0986,0.9849,1.0000,1.0000,1.0000,1.0000,0.0000,0
0.0000,0.0190,0.1036,0.0000,0.0000,0.0000,0.0701,0.0000,0.0097,0.0089,0.0705,0.0403,1
0.1072,0.9735,0.0000,0.0579,0.1123,0.0076,0.0000,0.8655,0.0000,0.0848,0.0000,0.0812,2
0.0978,0.9734,1.0000,0.0000,0.1151,0.0000,0.0000,1.0000,0.9551,0.0000,0.0534,0.0000,4
1.0000,1.0000,0.8926,0.9792,1.0000,0.0000,1.0000,0.9919,0.8918,1.0000,0.9356,0.0525,0
0.8848,1.0000,1.0000,0.8821,1.0000,0.0354,1.0000,0.9726,0.9555,0.9455,0.9107,0.0000,0
1.0000,1.0000,1.0000,1.0000,1.0000,0.0000,1.0000,0.9513,0.9533,0.8954,0.9161,0.1572,0
1.0000,0.9633,0.9828,0.9689,1.0000,0.0000,1.0000,0.9768,1.0000,1.0000,0.9172,0.1110,0
0.0937,0.9579,1.0000,0.0000,0.0621,0.0078,0.0000,1.0000,0.8938,0.0000,0.1785,0.0000,4
0.0000,0.1073,0.0000,0.0525,0.0000,0.1008,0.1016,0.0000,0.0000,0.0000,0.1283,0.0360,1
1.0000,0.0000,0.0030,0.0000,0.1042,0.0885,0.8725,0.0760,0.0000,0.0000,0.0000,0.0076,3
0.0000,0.9919,0.1118,0.0000,0.0826,0.0000,0.0000,1.0000,0.0000,0.1329,0.0000,0.0469,2
0.0000,0.0000,0.0000,0.0785,0.0000,0.0144,0.1093,0.0571,0.0000,0.1269,0.1670,0.0000,1
1.0000,0.0125,0.0872,0.0841,0.0000,0.0000,1.0000,0.0000,0.0000,0.0000,0.0372,0.1763,3
0.0000,1.0000,1.0000,0.0000,0.0016,0.0477,0.1766,0.9413,1.0000,0.1411,0.1655,0.0000,4
0.0000,0.8932,0.9180,0.0397,0.0000,0.0728,0.0000,1.0000,1.0000,0.0258,0.0344,0.1386,4
0.0390,0.0835,0.0736,0.0274,0.0000,0.0034,0.0000,0.0000,0.0000,0.0000,0.0000,0.0000,1
0.0000,0.9532,0.9022,0.0000,0.0000,0.0000,0.0000,0.9898,1.0000,0.0000,0.0000,0.1033,4
0.0000,1.0000,0.9100,0.0006,0.0177,0.0694,0.0000,0.9131,0.9926,0.1766,0.0910,0.0000,4
0.0000,1.0000,0.8910,0.1104,0.0000,0.0832,0.0000,0.9844,1.0000,0.1613,0.0000,0.0330,4
0.0960,0.9952,0.9570,0.0592,0.0000,0.0307,0.0039,1.0000,1.0000,0.0000,0.1439,0.0194,4
0.9432,0.0518,0.0079,0.0000,0.1011,0.0000,1.0000,0.0000,0.0000,0.0173,0.0603,0.0000,3
0.1127,0.0000,0.0000,0.1161,0.0304,0.0822,0.0000,0.0000,0.0000,0.0000,0.0000,0.0000,1
0.0000,0.0000,0.0486,0.1113,0.0000,0.0864,0.0469,0.0767,0.1726,0.1255,0.0853,0.0345,1
1.0000,0.9891,1.0000,1.0000,1.0000,0.0000,0.8946,0.8977,1.0000,0.9383,0.8731,0.1442,0
1.0000,0.9015,1.0000,1.0000,1.0000,0.1048,0.9629,0.9983,1.0000,1.0000,1.0000,0.1356,0
0.9620,0.0318,0.0588,0.0843,0.0177,0.1145,1.0000,0.0070,0.0272,0.0000,0.0182,0.1592,3
1.0000,0.0000,0.0000,0.0560,0.0000,0.0242,1.0000,0.0111,0.0000,0.0000,0.0000,0.0484,3
0.0000,1.0000,1.0000,0.0000,0.0207,0.1188,0.0494,0.9788,1.0000,0.0515,0.0000,0.0000,4
0.0000,0.0000,0.0908,0.0000,0.0000,0.0000,0.0050,0.0959,0.0000,0.0000,0.0909,0.0157,1
0.8823,1.0000,1.0000,1.0000,0.9179,0.0000,0.8917,0.9585,0.9940,0.9054,1.0000,0.0269,0
0.0118,0.9022,1.0000,0.0000,0.0000,0.0000,0.0000,1.0000,1.0000,0.0643,0.0000,0.0000,4
0.1132,1.0000,0.0000,0.0753,0.0000,0.0952,0.0000,1.0000,0.0083,0.0954,0.0000,0.0000,2
0.0000,0.0000,0.0251,0.0187,0.0832,0.0000,0.0738,0.0000,0.0000,0.0686,0.0000,0.0833,1
0.9197,0.9751,0.9533,1.0000,0.9362,0.0373,0.8233,1.0000,1.0000,1.0000,0.9720,0.0000,0
0.0000,1.0000,1.0000,0.0000,0.0000,0.0000,0.0240,1.0000,0.8709,0.0854,0.0000,0.0000,4
0.0000,0.0645,0.0000,0.0344,0.0990,0.0517,0.0000,0.0505,0.1558,0.0593,0.0000,0.0720,1
0.0213,0.9345,0.0594,0.0932,0.0704,0.0163,0.0000,0.8357,0.0000,0.0559,0.0000,0.0000,2
0.9878,0.0391,0.0000,0.0330,0.0000,0.0965,1.0000,0.0000,0.0131,0.0000,0.0252,0.0000,3
0.0000,0.0000,0.0091,0.0487,0.1143,0.0660,0.0000,0.0000,0.1059,0.0209,0.0270,0.0000,1
0.0775,0.0000,0.0000,0.0508,0.0788,0.0000,0.0318,0.0068,0.0000,0.0000,0.0000,0.0000,1
0.0000,1.0000,0.0090,0.0000,0.0000,0.0685,0.0388,1.0000,0.1729,0.0000,0.0000,0.0124,2
0.9303,0.0000,0.0000,0.0892,0.0000,0.0998,0.8658,0.0000,0.0478,0.1696,0.0000,0.0334,3
0.0252,0.8848,0.0533,0.0726,0.0000,0.0491,0.0000,0.8765,0.0129,0.1295,0.0000,0.1085,2
0.1020,0.0000,0.0685,0.0000,0.0000,0.0948,0.1004,0.0000,0.0000,0.0856,0.1332,0.0000,1
0.0000,1.0000,0.9883,0.0912,0.0000,0.0032,0.0000,1.0000,0.9134,0.0000,0.0000,0.0000,4
0.9733,0.0000,0.0000,0.0000,0.0538,0.0982,0.8807,0.1273,0.0522,0.0357,0.1117,0.1245,3
1.0000,1.0000,1.0000,0.9857,1.0000,0.0000,0.9419,1.0000,1.0000,1.0000,1.0000,0.1294,0
0.0000,1.0000,1.0000,0.0000,0.0134,0.0000,0.1110,0.9243,1.0000,0.0256,0.0000,0.0000,4
0.0000,0.9143,0.0597,0.1032,0.0000,0.0000,0.0556,1.0000,0.0000,0.0000,0.0735,0.0000,2
0.0769,0.0779,0.0476,0.0015,0.0000,0.0245,0.0469,0.1048,0.0000,0.0000,0.0462,0.0000,1
0.0507,1.0000,0.0145,0.0000,0.0694,0.0445,0.0612,1.0000,0.0000,0.0215,0.1792,0.1582,2
0.0000,0.8922,1.0000,0.0105,0.0000,0.0094,0.0000,0.9966,1.0000,0.0000,0.1044,0.0716,4
0.0000,0.0000,0.0384,0.0000,0.0761,0.0929,0.0000,0.0281,0.0000,0.0653,0.0000,0.0253,1
0.0518,0.9185,0.1030,0.0966,0.0639,0.0000,0.0811,0.8526,0.0690,0.1339,0.1554,0.0959,2
0.0000,1.0000,1.0000,0.0000,0.0000,0.0308,0.0000,0.9943,0.8369,0.0078,0.0737,0.0295,4
0.0619,0.0847,0.0000,0.0000,0.1077,0.1024,0.0000,0.0000,0.0137,0.0000,0.0084,0.0000,1
0.0455,1.0000,1.0000,0.0000,0.0000,0.0000,0.0611,1.0000,1.0000,0.0000,0.0000,0.0449,4
0.0000,0.0347,0.0483,0.0700,0.0000,0.0000,0.0681,0.0000,0.0000,0.1435,0.0000,0.0000,1
0.0000,0.8824,0.9104,0.0306,0.0000,0.0000,0.0781,0.9993,1.0000,0.0000,0.1353,0.0000,4
1.0000,0.0176,0.0055,0.1056,0.0752,0.0307,0.8556,0.1514,0.1087,0.0825,0.1258,0.0000,3
0.0372,1.0000,0.9315,0.0401,0.0231,0.0000,0.0000,0.9726,0.9492,0.0000,0.0000,0.0000,4
0.9424,0.0344,0.0480,0.0000,0.0256,0.0454,1.0000,0.0000,0.0740,0.0000,0.1105,0.0000,3
0.0000,1.0000,0.1065,0.0662,0.0287,0.0634,0.1252,0.8434,0.0000,0.1509,0.0000,0.0000,2
0.9570,0.9524,0.9144,1.0000,0.9331,0.0000,0.9984,1.0000,1.0000,1.0000,1.0000,0.0000,0
0.0217,0.0510,0.0000,0.0000,0.0000,0.0460,0.0000,0.0086,0.0000,0.1048,0.0042,0.1619,1
1.0000,0.8906,1.0000,1.0000,0.9759,0.0606,1.0000,1.0000,0.9805,0.9608,1.0000,0.0319,0
0.0382,0.0000,0.0000,0.0712,0.0445,0.1125,0.0000,0.0000,0.1099,0.0930,0.0000,0.0866,1
1.0000,1.0000,0.8980,1.0000,0.9672,0.0723,0.8442,1.0000,0.9519,0.9578,1.0000,0.0378,0
0.9424,0.0000,0.0000,0.0690,0.0479,0.0164,0.9506,0.0000,0.1601,0.0000,0.0482,0.0000,3
0.9278,0.8859,0.9388,0.9940,1.0000,0.0000,1.0000,0.8220,1.0000,1.0000,0.8584,0.0000,0
1.0000,0.9960,0.9845,1.0000,0.9444,0.0844,0.9564,0.8303,1.0000,0.8855,0.8964,0.1072,0
0.0000,0.0863,0.0000,0.0244,0.0881,0.0961,0.0000,0.0000,0.0844,0.1559,0.0079,0.1184,1
0.9112,0.0599,0.0000,0.0378,0.0412,0.0000,1.0000,0.0175,0.0000,0.1738,0.1344,0.1271,3
0.9224,0.0018,0.0034,0.1083,0.0000,0.0881,1.0000,0.0000,0.0000,0.1708,0.0000,0.0000,3
0.0804,0.9566,1.0000,0.0000,0.0828,0.0000,0.0000,0.9637,1.0000,0.1435,0.0000,0.1622,4
0.9137,1.0000,1.0000,0.9057,1.0000,0.0000,0.9692,1.0000,1.0000,1.0000,1.0000,0.0000,0
0.9850,1.0000,0.9333,0.9883,0.9639,0.0000,1.0000,1.0000,1.0000,1.0000,0.8695,0.0000,0
1.0000,1.0000,0.9716,0.9516,0.8930,0.0850,0.9339,1.0000,1.0000,0.9955,1.0000,0.0000,0
1.0000,0.8939,0.9007,0.9843,0.9888,0.0261,0.8790,1.0000,1.0000,1.0000,1.0000,0.0000,0
0.9557,0.0419,0.0000,0.0300,0.0000,0.0000,0.9045,0.1516,0.0000,0.0386,0.1259,0.0000,3
0.0000,1.0000,1.0000,0.0378,0.0147,0.0000,0.1758,1.0000,1.0000,0.0974,0.0081,0.1289,4
1.0000,0.9082,1.0000,0.9949,0.9382,0.0251,0.9493,0.9142,1.0000,0.9990,0.8555,0.1733,0
0.0000,1.0000,0.1131,0.0776,0.0872,0.1026,0.1107,0.8337,0.0000,0.1419,0.0000,0.0850,2
0.0000,1.0000,0.0293,0.0000,0.0000,0.1033,0.0029,1.0000,0.0000,0.0000,0.1191,0.0000,2
0.0275,0.0000,0.0681,0.0008,0.0000,0.0000,0.0079,0.0000,0.0000,0.0107,0.0000,0.1088,1
1.0000,0.9274,1.0000,0.9733,1.0000,0.0000,0.9374,0.9847,0.9144,1.0000,1.0000,0.0501,0
0.0000,0.9532,0.0100,0.0000,0.0000,0.0261,0.0000,1.0000,0.0000,0.0000,0.0825,0.0847,2
1.0000,0.9756,0.8985,0.9190,0.9377,0.0803,1.0000,1.0000,1.0000,0.8393,0.9774,0.1219,0
0.0771,0.0000,0.0000,0.0140,0.0000,0.0556,0.0000,0.0732,0.1289,0.0890,0.0000,0.0000,1
1.0000,0.0083,0.0579,0.0894,0.1129,0.0000,0.9082,0.0683,0.0000,0.0000,0.0393,0.0187,3
1.0000,0.0000,0.1173,0.0000,0.0387,0.0000,0.8921,0.0666,0.0000,0.0529,0.1608,0.0000,3
0.0865,1.0000,0.0571,0.0126,0.0000,0.0638,0.1737,0.9524,0.0000,0.0000,0.0000,0.0000,2
0.0510,0.9924,0.0000,0.0000,0.0000,0.0000,0.0000,1.0000,0.0000,0.0156,0.0236,0.0000,2
0.0000,0.0953,0.0272,0.0795,0.0062,0.0077,0.1524,0.0000,0.0000,0.0000,0.1141,0.1403,1
0.0911,0.9444,0.0000,0.0686,0.0000,0.0000,0.0000,1.0000,0.0000,0.0000,0.0000,0.0000,2
0.0000,0.9665,0.9516,0.0000,0.0000,0.0000,0.0000,1.0000,0.8767,0.0615,0.0000,0.1289,4
0.0269,1.0000,1.0000,0.0000,0.0000,0.0000,0.0000,1.0000,1.0000,0.0000,0.0000,0.1003,4
0.0000,1.0000,0.0000,0.0374,0.0000,0.0000,0.0000,0.8526,0.1781,0.0000,0.0000,0.0000,2
0.0000,1.0000,0.0333,0.1117,0.0905,0.0429,0.1397,0.9608,0.0000,0.1778,0.0000,0.0000,2
0.0000,1.0000,0.1090,0.0185,0.0000,0.0000,0.1068,1.0000,0.0366,0.0000,0.0000,0.0138,2
1.0000,0.0000,0.0000,0.0577,0.1072,0.0151,1.0000,0.0000,0.0000,0.0000,0.0206,0.0000,3
1.0000,0.0077,0.0000,0.0111,0.0000,0.0000,0.8286,0.0000,0.0221,0.0395,0.0000,0.1772,3
0.0000,0.9945,0.0000,0.0000,0.0638,0.0999,0.0000,0.9779,0.0031,0.0317,0.1601,0.0000,2
1.0000,0.0000,0.0302,0.0133,0.0225,0.0620,0.8663,0.1642,0.0000,0.1324,0.0189,0.0000,3
0.0018,0.9500,0.9112,0.0918,0.0000,0.0565,0.0000,1.0000,1.0000,0.0703,0.0000,0.0000,4
1.0000,0.8860,0.9460,0.9336,1.0000,0.0424,0.8296,0.8916,1.0000,1.0000,0.8994,0.0321,0
0.0000,0.9553,0.8835,0.1097,0.0000,0.0482,0.0000,1.0000,0.8707,0.0243,0.0000,0.0335,4
1.0000,0.0650,0.0477,0.0066,0.0000,0.1072,1.0000,0.0000,0.0000,0.0000,0.1671,0.0000,3
0.0000,0.0000,0.0000,0.0927,0.0249,0.0695,0.1285,0.0000,0.1784,0.0330,0.1213,0.0000,1
0.0326,0.0000,0.1123,0.0000,0.1165,0.0677,0.1186,0.0000,0.1699,0.0000,0.1561,0.0000,1
0.0000,1.0000,1.0000,0.0000,0.0000,0.0210,0.0000,1.0000,0.8204,0.0604,0.0050,0.0361,4
0.0450,0.0000,0.0452,0.0000,0.0006,0.0251,0.0000,0.0952,0.0000,0.0000,0.0000,0.0873,1
0.0894,0.0784,0.0444,0.0000,0.0445,0.0452,0.0000,0.0000,0.1479,0.0000,0.0000,0.0000,1
0.9117,0.0868,0.0802,0.0177,0.0000,0.0000,0.9559,0.0000,0.0000,0.1076,0.0639,0.0000,3
1.0000,0.0000,0.0000,0.0000,0.0000,0.0000,0.9929,0.0348,0.1062,0.0601,0.1576,0.0000,3
0.9246,0.0663,0.0000,0.0000,0.1082,0.0000,0.9743,0.0323,0.0000,0.0413,0.0000,0.0000,3
0.9816,0.9308,1.0000,1.0000,0.9283,0.0000,0.9417,1.0000,0.9028,0.8993,0.8456,0.0472,0
0.0971,0.0179,0.0037,0.1056,0.0000,0.0000,0.1145,0.0000,0.0242,0.1566,0.0000,0.0655,1
0.8869,0.0029,0.1014,0.0928,0.1117,0.1063,1.0000,0.0000,0.0957,0.1085,0.0000,0.0000,3
1.0000,0.0000,0.0000,0.0000,0.0000,0.0044,1.0000,0.0173,0.0000,0.0000,0.0000,0.0196,3
0.0008,0.9637,0.0495,0.0000,0.0000,0.0374,0.0945,0.9291,0.0000,0.1498,0.0522,0.0000,2
0.0000,1.0000,0.0000,0.0999,0.0475,0.0534,0.0000,1.0000,0.0000,0.0000,0.0000,0.0022,2
0.0270,0.8993,0.0123,0.1072,0.0000,0.0000,0.1697,0.8277,0.0000,0.0985,0.1121,0.0123,2
0.0000,1.0000,0.0000,0.0415,0.0000,0.0000,0.0000,1.0000,0.1753,0.0941,0.1556,0.0000,2
0.9699,0.0000,0.0538,0.0000,0.0810,0.0342,0.8841,0.0000,0.0000,0.0000,0.0000,0.1381,3
0.0000,0.9739,0.0000,0.0000,0.0990,0.0000,0.0000,0.8942,0.0451,0.1612,0.0408,0.0000,2
0.0000,1.0000,1.0000,0.1194,0.0645,0.0000,0.0266,0.8594,0.8439,0.1207,0.0000,0.0000,4
1.0000,0.0669,0.0873,0.0000,0.0000,0.0737,1.0000,0.1030,0.0000,0.0000,0.0735,0.0000,3
0.0709,1.0000,0.0148,0.0000,0.0244,0.0065,0.1414,0.9718,0.0922,0.0000,0.0000,0.0000,2
1.0000,0.0000,0.0000,0.0830,0.0000,0.0330,0.8260,0.1214,0.1254,0.0000,0.0754,0.1461,3
0.0000,0.0000,0.0456,0.0037,0.0407,0.0495,0.0398,0.1016,0.1611,0.1165,0.0000,0.0000,1
0.0000,1.0000,0.9502,0.0000,0.0000,0.0000,0.0000,0.9360,0.8859,0.0853,0.1681,0.0611,4
0.0551,0.8889,1.0000,0.0000,0.0000,0.0087,0.0952,0.9215,0.8562,0.0000,0.1043,0.0659,4
1.0000,0.9209,1.0000,1.0000,1.0000,0.0000,0.8745,1.0000,0.9677,1.0000,1.0000,0.1342,0
1.0000,0.0000,0.0255,0.1157,0.0000,0.0000,1.0000,0.0228,0.1294,0.1641,0.0000,0.0435,3
1.0000,0.9256,1.0000,0.9334,1.0000,0.0684,0.8852,0.8551,0.8661,0.9131,1.0000,0.0947,0
0.9856,0.0000,0.0585,0.0468,0.0000,0.0000,0.9134,0.0796,0.0884,0.1786,0.0000,0.0426,3
1.0000,0.0442,0.0000,0.0000,0.1103,0.0179,0.8720,0.0808,0.1028,0.1328,0.0000,0.0000,3
0.9232,0.9565,0.9326,1.0000,1.0000,0.0000,1.0000,0.9159,1.0000,1.0000,0.8401,0.1787,0
0.0000,0.0000,0.0000,0.0000,0.0000,0.1073,0.1678,0.0227,0.0972,0.0927,0.1660,0.0000,1
0.0000,0.8867,0.0000,0.0154,0.0000,0.0000,0.0000,1.0000,0.0000,0.1734,0.0000,0.1281,2
0.0000,0.0696,0.0000,0.0016,0.0000,0.0000,0.0000,0.0000,0.0621,0.1498,0.1070,0.0524,1
1.0000,1.0000,0.9463,1.0000,0.9796,0.1042,0.9963,0.8735,1.0000,0.9442,1.0000,0.0156,0
0.9028,0.0000,0.0000,0.0932,0.0000,0.0000,1.0000,0.1122,0.0176,0.0279,0.0686,0.0000,3
0.0818,1.0000,0.0000,0.0477,0.0000,0.1173,0.0000,1.0000,0.1111,0.0000,0.0296,0.0465,2
0.0671,0.0000,0.0000,0.0207,0.0043,0.0569,0.1668,0.0000,0.0383,0.0000,0.1547,0.0270,1
0.8855,0.9516,1.0000,1.0000,1.0000,0.0776,1.0000,0.9709,1.0000,1.0000,0.8256,0.0000,0
0.0971,1.0000,1.0000,0.0222,0.0000,0.0000,0.0000,1.0000,1.0000,0.0240,0.1740,0.0061,4
1.0000,0.0917,0.0000,0.0000,0.0733,0.0000,0.9471,0.1591,0.0000,0.0000,0.0840,0.0000,3
1.0000,1.0000,0.9497,0.9490,1.0000,0.0000,1.0000,0.8694,1.0000,1.0000,0.9073,0.0611,0
1.0000,0.0058,0.0000,0.0000,0.0000,0.0000,0.9292,0.0000,0.0000,0.1310,0.1222,0.1669,3
0.1082,0.9005,0.0000,0.0103,0.0000,0.0000,0.0000,1.0000,0.0000,0.0000,0.0000,0.0000,2
0.9806,1.0000,1.0000,1.0000,0.9329,0.0000,0.9883,0.8659,1.0000,0.8297,0.9618,0.0232,0
0.0000,0.9697,0.0283,0.0000,0.0000,0.0000,0.1448,0.9528,0.1450,0.1762,0.1563,0.1325,2
0.0590,1.0000,1.0000,0.0850,0.0000,0.0053,0.0235,0.9260,1.0000,0.1394,0.0250,0.1052,4
0.0000,0.0308,0.0000,0.0000,0.0000,0.0000,0.0000,0.0000,0.0906,0.0963,0.1054,0.0000,1
1.0000,1.0000,0.9133,1.0000,0.9877,0.0000,0.8600,0.9237,0.9284,0.8372,0.9711,0.1058,0
1.0000,0.0000,0.1137,0.0000,0.0000,0.0000,1.0000,0.0000,0.0000,0.0000,0.1136,0.1241,3
0.0000,1.0000,0.0314,0.0423,0.0474,0.0349,0.1229,0.8244,0.0975,0.0520,0.1501,0.0000,2
1.0000,0.0000,0.0419,0.0000,0.0000,0.1042,0.9214,0.0000,0.0000,0.0000,0.1401,0.0671,3
0.0667,0.9610,0.9982,0.0000,0.0000,0.0698,0.0000,0.8895,1.0000,0.0073,0.0000,0.0000,4
0.0000,0.8890,1.0000,0.0000,0.0000,0.0000,0.1390,1.0000,0.9913,0.1245,0.0088,0.0000,4
0.8846,0.0637,0.0000,0.0407,0.0473,0.0120,1.0000,0.0000,0.1435,0.0000,0.0000,0.0130,3
0.0000,1.0000,0.8915,0.0130,0.1137,0.0325,0.0904,1.0000,1.0000,0.0000,0.0909,0.1620,4
0.0327,1.0000,1.0000,0.0000,0.0000,0.0000,0.0105,0.8218,1.0000,0.0000,0.1285,0.0000,4
0.0000,0.9811,0.0120,0.0720,0.0514,0.0000,0.0000,0.8588,0.0000,0.0000,0.0000,0.0963,2
0.0000,0.0000,0.0856,0.0662,0.0000,0.0530,0.0407,0.0000,0.0507,0.0000,0.0084,0.0000,1
0.0000,0.9831,0.0000,0.0936,0.1199,0.0760,0.0000,0.9845,0.0714,0.0811,0.1397,0.0000,2
1.0000,0.0000,0.0000,0.0000,0.0957,0.0000,0.9809,0.0000,0.0000,0.0000,0.1132,0.0000,3
0.0000,0.9269,0.0000,0.0980,0.0685,0.0000,0.1667,1.0000,0.0000,0.0000,0.0000,0.1041,2
0.0000,1.0000,0.9906,0.0000,0.0000,0.0784,0.1248,1.0000,1.0000,0.0000,0.1586,0.0166,4
0.0000,0.0900,0.0050,0.0305,0.0000,0.1127,0.0000,0.1338,0.0000,0.1611,0.0521,0.0000,1
0.9057,0.0000,0.0000,0.0000,0.0000,0.0000,1.0000,0.1695,0.0871,0.0000,0.0000,0.0553,3
1.0000,0.0000,0.0000,0.0869,0.0000,0.0846,0.9507,0.1473,0.0300,0.1182,0.0000,0.0733,3
0.9287,1.0000,1.0000,0.9173,0.9194,0.0000,0.8632,0.8767,1.0000,1.0000,1.0000,0.0000,0
1.0000,0.9024,1.0000,1.0000,0.9907,0.0000,1.0000,0.9077,1.0000,0.9581,1.0000,0.0030,0
0.0695,0.0000,0.0214,0.0579,0.0628,0.0472,0.1356,0.0000,0.0000,0.0753,0.1042,0.0281,1
0.0680,0.9769,0.0000,0.0192,0.0373,0.0000,0.0000,1.0000,0.1030,0.0927,0.0801,0.0000,2
0.0209,0.0000,0.0000,0.0000,0.0882,0.1168,0.0000,0.0201,0.0757,0.0919,0.0000,0.0000,1
0.9404,0.0019,0.0000,0.0807,0.1159,0.0000,0.8574,0.1011,0.0751,0.0218,0.1215,0.0000,3
1.0000,0.9342,1.0000,1.0000,1.0000,0.0860,0.8817,0.9999,0.9762,1.0000,1.0000,0.1289,0
0.0000,0.9542,0.9567,0.0390,0.1069,0.0000,0.0947,1.0000,1.0000,0.0000,0.1776,0.1470,4
0.9707,0.0212,0.0000,0.0483,0.0311,0.0886,0.9303,0.0000,0.0000,0.0000,0.1113,0.0000,3
1.0000,0.0000,0.0538,0.0517,0.1014,0.0000,1.0000,0.0000,0.0000,0.0000,0.0000,0.1306,3
0.9327,1.0000,1.0000,0.9652,1.0000,0.0829,1.0000,1.0000,1.0000,1.0000,0.8878,0.1757,0
0.0682,1.0000,0.0000,0.0577,0.0000,0.0000,0.0378,0.8747,0.0849,0.1053,0.0000,0.0380,2
0.0130,0.0000,0.0000,0.0000,0.0218,0.0268,0.0000,0.0000,0.1414,0.0000,0.0000,0.0000,1
0.8865,1.0000,0.9126,0.9908,0.8921,0.0000,0.9108,0.8495,0.8270,1.0000,1.0000,0.0000,0
0.0655,1.0000,0.9832,0.0116,0.0000,0.0000,0.0101,1.0000,1.0000,0.0072,0.0487,0.0000,4
0.9441,0.0238,0.1142,0.0000,0.0000,0.0000,1.0000,0.0000,0.0000,0.1548,0.0000,0.0000,3
0.9164,0.0055,0.1056,0.0000,0.0611,0.1134,1.0000,0.0000,0.0000,0.1162,0.1132,0.0000,3
0.9485,1.0000,0.9979,0.9094,1.0000,0.0000,0.9451,0.8434,1.0000,1.0000,1.0000,0.0763,0
0.0000,1.0000,0.0000,0.0113,0.0561,0.1018,0.0731,1.0000,0.0000,0.1732,0.1620,0.0353,2
0.0000,0.9898,0.9239,0.0000,0.0374,0.0000,0.0000,1.0000,1.0000,0.0000,0.1049,0.1759,4
0.0303,0.8958,0.0426,0.0142,0.0000,0.0000,0.0000,1.0000,0.1368,0.0429,0.0000,0.1575,2
1.0000,0.8989,1.0000,1.0000,1.0000,0.0000,0.9466,0.8352,1.0000,0.9469,1.0000,0.0000,0
0.0000,0.8976,0.0467,0.0599,0.0000,0.0590,0.0895,0.9945,0.0000,0.0174,0.0000,0.1620,2
0.9540,1.0000,1.0000,1.0000,1.0000,0.0000,0.8756,1.0000,1.0000,1.0000,1.0000,0.1373,0
0.0110,1.0000,1.0000,0.0731,0.0000,0.1141,0.1413,0.8525,0.9425,0.0000,0.0000,0.0576,4
0.0000,0.9277,0.0902,0.1082,0.0857,0.0599,0.0000,0.9569,0.0302,0.0496,0.0000,0.0565,2
0.0000,0.0021,0.0000,0.0938,0.0206,0.0201,0.0637,0.1395,0.0000,0.0653,0.0650,0.0000,1
1.0000,0.0000,0.0910,0.0000,0.0000,0.0000,0.9394,0.1400,0.0000,0.1339,0.1489,0.0000,3
0.0000,1.0000,1.0000,0.0276,0.0578,0.0916,0.0000,1.0000,0.9051,0.0000,0.0552,0.0729,4
0.1138,0.9248,0.9678,0.0000,0.0076,0.0000,0.1204,1.0000,1.0000,0.0000,0.0000,0.0788,4
0.0322,1.0000,0.0760,0.0000,0.0000,0.0196,0.1448,0.8537,0.0000,0.0000,0.1304,0.0000,2
0.1128,0.9775,0.0050,0.0000,0.0000,0.0798,0.0000,1.0000,0.0000,0.0000,0.0000,0.1629,2
0.0000,0.9412,0.0000,0.0969,0.0000,0.0000,0.1783,1.0000,0.0000,0.0000,0.0566,0.1154,2
0.9991,0.9298,1.0000,0.9593,0.8807,0.0412,1.0000,0.8565,0.9121,0.9032,1.0000,0.0000,0
0.0294,0.0000,0.0000,0.0853,0.0104,0.0000,0.0360,0.0000,0.0170,0.0431,0.0207,0.1171,1
0.0000,0.0000,0.0000,0.0000,0.0000,0.0000,0.1676,0.0000,0.0000,0.0000,0.0820,0.0583,1
0.0000,1.0000,0.0000,0.0863,0.0000,0.0000,0.0000,0.8940,0.0000,0.0755,0.0000,0.0373,2
0.9434,0.0218,0.0147,0.0706,0.0000,0.0000,1.0000,0.0000,0.1646,0.1310,0.0035,0.1763,3
0.0000,1.0000,0.9908,0.0860,0.0874,0.0069,0.0199,0.9749,1.0000,0.1522,0.0394,0.1600,4
0.0891,0.9163,1.0000,0.0000,0.0000,0.0110,0.1408,1.0000,1.0000,0.0170,0.1684,0.0000,4
0.0907,0.0000,0.0000,0.0000,0.0124,0.0000,0.1391,0.0000,0.0000,0.0000,0.0026,0.0000,1
0.9220,0.0992,0.0539,0.0000,0.0616,0.0000,1.0000,0.0000,0.0000,0.0000,0.0000,0.0000,3
0.0000,0.9482,1.0000,0.0458,0.0140,0.0000,0.0508,0.8854,1.0000,0.1385,0.1534,0.0727,4
0.1147,0.9817,0.0000,0.0000,0.0000,0.0000,0.0000,0.9101,0.0000,0.0000,0.0000,0.0000,2
1.0000,0.0118,0.0000,0.0000,0.0537,0.0000,0.9364,0.0000,0.0000,0.0000,0.1596,0.1093,3
0.0000,0.9307,0.9126,0.0834,0.0000,0.0000,0.0000,1.0000,1.0000,0.1141,0.0000,0.0680,4
0.0384,0.0874,0.0000,0.0882,0.0359,0.0000,0.0000,0.0002,0.0000,0.1535,0.0000,0.0000,1
0.0000,0.8824,0.0679,0.0233,0.0000,0.0403,0.0000,0.8742,0.0000,0.0000,0.1311,0.0000,2
0.0367,0.9701,0.0460,0.0709,0.0380,0.0667,0.0000,0.9961,0.0608,0.0035,0.0000,0.0263,2
1.0000,0.9177,1.0000,1.0000,1.0000,0.0000,0.9652,0.9046,0.9853,1.0000,0.9813,0.1284,0
0.0000,0.0914,0.0566,0.0000,0.1069,0.0419,0.0212,0.0000,0.0754,0.0000,0.1733,0.0000,1
1.0000,0.1135,0.0001,0.0000,0.0250,0.0000,1.0000,0.1321,0.1784,0.1304,0.0000,0.0000,3
0.9344,0.9130,0.8985,1.0000,0.9043,0.0650,0.9556,0.8784,1.0000,1.0000,1.0000,0.0000,0
0.0774,0.0000,0.0000,0.0937,0.0998,0.0315,0.1586,0.0000,0.0000,0.1228,0.0783,0.1356,1
1.0000,0.0568,0.0012,0.0074,0.0935,0.1185,1.0000,0.0170,0.0140,0.0921,0.0000,0.0000,3
0.0474,0.0930,0.0676,0.0000,0.0000,0.0000,0.0000,0.0000,0.0186,0.0077,0.0925,0.0000,1
0.9253,0.1042,0.1027,0.0000,0.1178,0.0201,1.0000,0.0000,0.0000,0.0000,0.0000,0.0000,3
0.0000,0.0012,0.0000,0.0000,0.0612,0.0000,0.0000,0.0000,0.0000,0.1269,0.1061,0.0000,1
0.0182,0.9820,1.0000,0.0000,0.0000,0.0000,0.0359,1.0000,1.0000,0.1343,0.0773,0.0000,4
0.9343,0.9445,0.8948,1.0000,1.0000,0.0000,1.0000,0.9707,1.0000,1.0000,0.9909,0.1374,0
1.0000,0.0000,0.0249,0.1097,0.0978,0.0530,0.8210,0.0000,0.1168,0.0004,0.0000,0.0000,3
0.0000,1.0000,0.0000,0.1143,0.0570,0.0000,0.0000,1.0000,0.1311,0.1779,0.0000,0.1154,2
0.0000,1.0000,1.0000,0.0000,0.0000,0.0000,0.0853,0.8886,0.8426,0.0000,0.0000,0.1228,4
1.0000,1.0000,0.9172,0.9512,1.0000,0.0190,0.8767,1.0000,0.8488,0.8869,1.0000,0.0631,0
0.0999,0.9518,0.9008,0.0000,0.0818,0.1183,0.1521,1.0000,1.0000,0.0000,0.0082,0.0000,4
0.0883,1.0000,0.0000,0.0299,0.0000,0.0000,0.0000,0.8568,0.1069,0.0314,0.0958,0.0000,2
1.0000,0.0000,0.0949,0.0606,0.0000,0.1005,1.0000,0.0000,0.0000,0.0000,0.0000,0.0151,3
0.1088,0.9637,0.0124,0.0000,0.0588,0.0000,0.0000,0.9614,0.0301,0.0959,0.0000,0.1059,2
0.0000,0.9225,0.0228,0.0103,0.0000,0.0828,0.1783,1.0000,0.0000,0.0539,0.0419,0.0000,2
0.0389,0.9886,0.0000,0.1025,0.0000,0.0000,0.0535,1.0000,0.0000,0.0000,0.0000,0.0339,2
0.0760,1.0000,0.0240,0.0000,0.1102,0.1183,0.0280,0.8664,0.0491,0.1718,0.0000,0.1455,2
0.0265,0.0000,0.0000,0.0000,0.1081,0.0305,0.0000,0.0000,0.0940,0.0143,0.0000,0.0973,1
0.8859,1.0000,0.9597,1.0000,1.0000,0.0874,0.9001,1.0000,0.9857,0.9299,1.0000,0.0000,0
0.0000,0.9147,0.1063,0.0809,0.0000,0.0000,0.0000,1.0000,0.0000,0.1789,0.0743,0.0000,2
0.1048,1.0000,0.9535,0.0000,0.0000,0.0625,0.0000,1.0000,0.9062,0.0000,0.1731,0.0000,4
0.0000,0.0457,0.0000,0.0114,0.0415,0.0796,0.0000,0.0000,0.0000,0.1579,0.0564,0.1208,1
0.0000,1.0000,0.9616,0.0942,0.0171,0.0678,0.0000,1.0000,0.9530,0.1076,0.1353,0.1020,4
0.0987,0.0773,0.0000,0.0727,0.0000,0.0000,0.0137,0.0000,0.0000,0.0613,0.0985,0.1314,1
0.0318,0.0000,0.0298,0.0000,0.0000,0.0414,0.0000,0.0000,0.0000,0.0254,0.0602,0.0000,1
0.0405,0.9288,0.0744,0.0944,0.0000,0.0000,0.0000,1.0000,0.0253,0.0000,0.0000,0.0427,2
1.0000,0.8816,1.0000,1.0000,0.9617,0.0000,1.0000,1.0000,1.0000,1.0000,0.9563,0.0187,0
1.0000,0.9723,1.0000,1.0000,1.0000,0.0000,1.0000,0.9276,1.0000,1.0000,1.0000,0.1568,0
0.9335,0.9891,1.0000,1.0000,0.9936,0.0377,1.0000,0.9251,1.0000,1.0000,0.8365,0.0000,0
0.0244,0.0000,0.0000,0.0172,0.0000,0.0000,0.0323,0.0000,0.1419,0.1401,0.0000,0.1149,1
0.9403,0.0134,0.0000,0.1015,0.0271,0.1102,1.0000,0.0000,0.1031,0.0526,0.0000,0.0000,3
1.0000,0.0711,0.0000,0.0479,0.0009,0.0792,0.8615,0.0570,0.0000,0.0000,0.0313,0.0000,3
0.0523,0.8899,1.0000,0.0000,0.0000,0.0000,0.1055,0.9031,1.0000,0.0000,0.0000,0.1451,4
0.0182,1.0000,1.0000,0.1003,0.0653,0.0554,0.1701,0.9876,1.0000,0.0000,0.0678,0.0000,4
0.9732,0.0000,0.0000,0.0000,0.0536,0.0000,1.0000,0.0174,0.0950,0.0000,0.0518,0.0000,3
0.0047,0.0000,0.0000,0.0434,0.0129,0.0000,0.0721,0.0000,0.0000,0.0160,0.1038,0.0547,1
1.0000,0.9517,0.9160,1.0000,1.0000,0.0733,1.0000,0.9134,0.9707,0.9598,0.8327,0.0749,0
0.0000,0.0000,0.0000,0.0735,0.1065,0.0000,0.0509,0.1449,0.0000,0.0474,0.0768,0.0577,1
0.9927,1.0000,1.0000,0.9690,0.9793,0.0150,0.8749,0.9388,0.9567,1.0000,0.9997,0.0557,0
0.9797,1.0000,0.8998,1.0000,1.0000,0.0000,1.0000,1.0000,1.0000,0.8438,1.0000,0.0828,0
1.0000,0.8804,1.0000,1.0000,1.0000,0.0000,0.8535,1.0000,1.0000,1.0000,1.0000,0.0000,0
0.0030,0.0000,0.0561,0.0000,0.1105,0.0716,0.0000,0.0000,0.0000,0.0000,0.1765,0.1112,1
0.0166,0.0000,0.0000,0.0345,0.0000,0.0000,0.1316,0.0000,0.1268,0.0000,0.1006,0.0000,1
0.9553,1.0000,1.0000,0.9521,0.9542,0.0000,1.0000,1.0000,0.9283,1.0000,0.8201,0.0000,0
0.0000,0.9884,1.0000,0.0797,0.0000,0.0082,0.0000,1.0000,1.0000,0.1361,0.1419,0.0320,4
1.0000,1.0000,0.9623,1.0000,0.9662,0.0000,1.0000,1.0000,0.8808,0.9520,1.0000,0.0000,0
1.0000,0.1001,0.0000,0.0085,0.0000,0.0000,1.0000,0.0379,0.0580,0.0266,0.0000,0.0000,3
0.0000,1.0000,0.0000,0.0000,0.0000,0.0642,0.1369,0.9503,0.0000,0.0020,0.1493,0.0552,2
0.0000,0.0132,0.0000,0.0000,0.0000,0.0493,0.0000,0.0000,0.0000,0.0000,0.0182,0.0709,1
0.9592,0.0000,0.0199,0.1172,0.0274,0.0771,1.0000,0.0094,0.1194,0.0000,0.0000,0.0382,3
0.9778,0.0305,0.0700,0.0000,0.0908,0.1030,0.9281,0.0547,0.0000,0.0000,0.1456,0.0000,3
0.0000,0.0000,0.0000,0.0000,0.0000,0.0000,0.0000,0.0197,0.1027,0.0000,0.0000,0.0000,1
0.0289,1.0000,0.0579,0.0000,0.0771,0.0000,0.0000,0.8537,0.0000,0.0513,0.1440,0.0000,2
0.0543,0.9741,1.0000,0.0409,0.0835,0.0395,0.1044,0.9725,0.9477,0.0000,0.1439,0.0512,4
1.0000,1.0000,0.9753,0.9046,1.0000,0.0390,0.8430,1.0000,1.0000,1.0000,0.9140,0.0760,0
1.0000,1.0000,0.8869,0.9263,1.0000,0.0809,1.0000,1.0000,0.8646,0.8310,0.9541,0.0339,0
0.0535,1.0000,1.0000,0.0014,0.0000,0.0000,0.0000,1.0000,0.9666,0.0890,0.1186,0.0470,4
0.0000,1.0000,0.1002,0.1014,0.0644,0.0000,0.0000,0.8338,0.0000,0.0000,0.0505,0.0000,2
0.9799,0.9158,0.9704,1.0000,0.9936,0.0838,1.0000,0.8683,0.9074,0.8932,1.0000,0.1520,0
0.0000,0.1018,0.0508,0.0000,0.1136,0.0814,0.0000,0.0000,0.0000,0.0225,0.0000,0.0000,1
1.0000,0.1045,0.0000,0.0005,0.0000,0.0473,0.9968,0.1448,0.0000,0.0000,0.0000,0.0000,3
0.9239,1.0000,0.9606,0.9014,0.9653,0.0586,0.9894,1.0000,1.0000,1.0000,0.8456,0.1402,0
0.0512,0.0500,0.0567,0.0000,0.0000,0.0000,0.0354,0.0894,0.0000,0.0000,0.0431,0.0000,1
0.9135,0.0000,0.1175,0.0317,0.0000,0.0000,0.9609,0.0000,0.0000,0.0000,0.0000,0.0000,3
0.0978,0.0229,0.0000,0.0554,0.0183,0.0000,0.1331,0.0000,0.0550,0.0368,0.0000,0.0999,1
1.0000,0.0694,0.0360,0.0000,0.0000,0.0990,0.8929,0.0591,0.0000,0.0000,0.0000,0.0000,3
0.9019,0.0000,0.0794,0.0000,0.0968,0.0054,1.0000,0.0000,0.0482,0.0000,0.0000,0.0000,3
1.0000,0.1066,0.0039,0.1057,0.0000,0.0811,0.9796,0.0000,0.0000,0.0020,0.0000,0.0889,3
0.8948,1.0000,1.0000,1.0000,0.9160,0.0000,1.0000,0.9832,1.0000,0.9844,0.8408,0.0000,0
0.0000,0.0903,0.1067,0.0922,0.0000,0.1075,0.0725,0.0000,0.0000,0.0000,0.0000,0.0000,1
1.0000,0.9004,0.9029,0.9120,1.0000,0.0000,1.0000,1.0000,1.0000,0.9345,0.9179,0.0000,0
0.9728,0.0771,0.0000,0.1100,0.0000,0.0000,1.0000,0.1093,0.0000,0.0000,0.0269,0.0000,3
0.0000,0.0208,0.0000,0.0000,0.0000,0.0321,0.0000,0.1196,0.0000,0.0000,0.0625,0.1156,1
0.9769,0.0000,0.1097,0.0000,0.0957,0.0000,1.0000,0.0459,0.1719,0.0000,0.1651,0.0000,3
0.9927,0.9857,0.9242,0.8923,1.0000,0.0000,1.0000,0.9294,1.0000,0.8626,1.0000,0.0383,0
0.9552,0.1198,0.0000,0.0209,0.0000,0.0000,1.0000,0.0000,0.0000,0.0902,0.0000,0.0000,3
0.0000,0.0718,0.0869,0.0000,0.0000,0.0000,0.0000,0.0495,0.0000,0.0844,0.0000,0.0512,1
0.0603,1.0000,0.0000,0.0798,0.0432,0.0902,0.0000,1.0000,0.0077,0.1721,0.0000,0.0000,2
1.0000,0.9509,1.0000,1.0000,0.9459,0.0158,0.9230,1.0000,1.0000,0.9468,1.0000,0.0435,0
0.0000,0.9772,1.0000,0.0000,0.0702,0.0000,0.0000,0.8773,1.0000,0.0643,0.0574,0.0000,4
0.9716,1.0000,1.0000,1.0000,1.0000,0.0000,1.0000,0.9226,1.0000,0.9182,1.0000,0.0000,0
1.0000,0.0897,0.0572,0.0058,0.0000,0.0000,0.8463,0.0000,0.0000,0.0506,0.0000,0.1520,3
0.0000,1.0000,0.9117,0.0000,0.0000,0.0000,0.0000,1.0000,1.0000,0.0000,0.0897,0.0111,4
0.9098,0.0000,0.0000,0.0781,0.0609,0.0000,0.8550,0.0511,0.0000,0.1437,0.0000,0.0000,3
0.1054,1.0000,0.0006,0.0444,0.0000,0.0000,0.1365,0.9857,0.0274,0.0854,0.0000,0.1372,2
0.0000,1.0000,0.0000,0.0000,0.0000,0.0443,0.0000,0.9127,0.0642,0.1287,0.0000,0.0786,2
0.0920,0.9437,1.0000,0.0256,0.1055,0.0924,0.0738,0.9540,1.0000,0.0000,0.0495,0.0000,4
0.1079,0.1036,0.0000,0.0923,0.0000,0.0000,0.0000,0.0000,0.0000,0.1692,0.0000,0.0000,1
0.9799,0.0000,0.0000,0.0000,0.0313,0.0442,1.0000,0.0000,0.1694,0.0000,0.0000,0.0000,3
0.0326,0.0154,0.0056,0.0335,0.0000,0.0000,0.0000,0.1135,0.1253,0.0000,0.0000,0.0000,1
1.0000,0.9792,0.9250,0.9668,1.0000,0.0301,0.8637,1.0000,1.0000,0.9061,0.8770,0.0183,0
0.1003,0.8894,0.0347,0.0000,0.0000,0.0726,0.0404,0.9616,0.0707,0.0000,0.1255,0.1682,2
0.0000,0.9016,0.0000,0.0552,0.1068,0.0000,0.0000,1.0000,0.0831,0.0000,0.0054,0.1793,2
0.0613,0.9742,0.0000,0.0000,0.0738,0.0900,0.0000,0.9246,0.0000,0.0000,0.0000,0.0866,2
0.9617,1.0000,1.0000,0.9752,1.0000,0.0000,1.0000,1.0000,0.8508,1.0000,1.0000,0.0767,0
0.0301,1.0000,0.9349,0.0390,0.0000,0.0000,0.0090,0.8595,0.9717,0.1633,0.0000,0.0369,4
0.9167,0.9195,0.9574,1.0000,0.9630,0.1058,0.9290,1.0000,1.0000,0.8807,1.0000,0.0000,0
1.0000,1.0000,1.0000,1.0000,0.9091,0.0000,1.0000,1.0000,0.8510,0.9313,1.0000,0.0788,0
1.0000,1.0000,1.0000,0.9635,1.0000,0.0282,0.8624,0.9299,0.8859,1.0000,1.0000,0.0000,0
0.8822,1.0000,0.9058,1.0000,0.9483,0.1174,0.8606,0.8785,0.9852,0.9126,0.8870,0.0852,0
0.9914,0.9040,0.9219,0.8895,0.9497,0.0724,1.0000,0.8814,0.9487,0.9776,1.0000,0.1363,0
0.9897,0.9066,1.0000,1.0000,0.8839,0.0037,1.0000,0.8508,1.0000,0.8444,1.0000,0.0026,0
0.0025,0.8914,0.9958,0.0000,0.0603,0.0855,0.1044,0.8326,0.8915,0.0983,0.0000,0.1207,4
0.0468,1.0000,0.1166,0.0000,0.0092,0.0000,0.1647,1.0000,0.0000,0.0000,0.0000,0.0440,2
0.0524,0.8934,1.0000,0.0000,0.0649,0.0000,0.1585,1.0000,1.0000,0.0000,0.0000,0.0000,4
0.9164,0.0000,0.0000,0.0000,0.0000,0.0000,1.0000,0.0000,0.1029,0.0761,0.0000,0.1272,3
0.0776,0.8989,1.0000,0.0059,0.0794,0.0479,0.0000,1.0000,1.0000,0.1062,0.0000,0.0319,4
0.0286,0.9325,0.0000,0.0590,0.0142,0.0820,0.1092,1.0000,0.0000,0.0000,0.0000,0.0371,2
0.0076,0.0000,0.0063,0.0000,0.0301,0.0000,0.0595,0.1378,0.0000,0.0000,0.0000,0.0000,1
0.9047,1.0000,1.0000,0.9348,1.0000,0.0000,1.0000,1.0000,1.0000,1.0000,0.9710,0.0000,0
1.0000,0.0000,0.0626,0.0000,0.0998,0.0000,1.0000,0.0000,0.1497,0.0000,0.0000,0.0074,3
0.9245,0.0000,0.0143,0.0000,0.0000,0.0000,1.0000,0.0000,0.1369,0.0000,0.1515,0.1298,3
0.0112,0.9180,0.0580,0.1024,0.0000,0.0000,0.0000,0.8991,0.0820,0.1583,0.0000,0.0000,2
0.1018,0.0000,0.0412,0.0000,0.0000,0.0000,0.0000,0.0000,0.0000,0.1145,0.0000,0.0000,1
1.0000,0.0504,0.0525,0.0000,0.0000,0.0411,1.0000,0.1285,0.0212,0.0731,0.1051,0.0776,3
0.0000,0.0762,0.0712,0.0000,0.0359,0.0702,0.0000,0.0000,0.1130,0.0327,0.1024,0.0000,1
0.0000,1.0000,0.0000,0.0765,0.0378,0.0000,0.0000,1.0000,0.0000,0.0712,0.0000,0.0000,2
0.0000,1.0000,1.0000,0.0313,0.0840,0.0000,0.0000,0.9496,1.0000,0.0000,0.0000,0.0000,4
0.0000,1.0000,0.0497,0.0000,0.0000,0.0771,0.0237,1.0000,0.0235,0.0000,0.0000,0.0000,2
0.0142,0.0000,0.0285,0.0184,0.0000,0.0169,0.0000,0.1032,0.0000,0.0740,0.1396,0.0000,1
0.0304,0.0053,0.0000,0.0000,0.0000,0.0445,0.0000,0.1165,0.0526,0.0000,0.0364,0.0000,1
1.0000,0.0526,0.0126,0.0000,0.0000,0.0992,1.0000,0.1102,0.0000,0.0000,0.0000,0.0000,3
0.0000,0.9230,0.0594,0.0000,0.0000,0.0062,0.0384,0.8321,0.0000,0.0000,0.0000,0.0704,2
0.9635,0.9600,1.0000,1.0000,0.9592,0.0465,0.9364,1.0000,0.9655,1.0000,1.0000,0.0568,0
0.9891,0.0000,0.1104,0.0000,0.0651,0.0000,0.9905,0.0000,0.0126,0.0000,0.1028,0.1731,3
0.0000,0.0351,0.0000,0.0224,0.0472,0.0821,0.0000,0.1695,0.0971,0.0000,0.0000,0.0000,1
1.0000,0.8946,0.9471,0.9129,0.9279,0.0923,0.9493,1.0000,0.9945,1.0000,1.0000,0.0000,0
1.0000,0.8811,0.9456,1.0000,0.9205,0.0635,1.0000,0.9580,0.8336,0.8918,0.9543,0.0000,0
0.0986,1.0000,0.8912,0.0632,0.0481,0.0757,0.0570,0.8364,0.8291,0.0000,0.1283,0.0000,4
0.0000,1.0000,0.0306,0.0332,0.0190,0.0000,0.0000,0.9501,0.1218,0.0000,0.0000,0.0000,2
0.0985,0.0000,0.0000,0.0000,0.0000,0.0000,0.0317,0.1749,0.0000,0.0000,0.0261,0.1110,1
0.9799,1.0000,0.9451,0.8987,0.9695,0.0005,0.9874,0.9216,1.0000,0.9378,1.0000,0.0000,0
1.0000,0.0029,0.0000,0.0000,0.0000,0.0010,1.0000,0.1707,0.1010,0.0114,0.1075,0.1247,3
0.0000,1.0000,0.0000,0.0000,0.0121,0.0000,0.0782,1.0000,0.0000,0.0000,0.1553,0.0014,2
1.0000,0.0000,0.0279,0.0000,0.0595,0.0439,1.0000,0.0000,0.0000,0.0494,0.0000,0.1683,3
1.0000,1.0000,0.9114,1.0000,0.9693,0.0313,1.0000,0.9796,0.8664,1.0000,1.0000,0.0000,0
0.0000,0.8944,1.0000,0.1151,0.0000,0.0000,0.0000,1.0000,1.0000,0.0000,0.1028,0.0000,4
0.0819,1.0000,1.0000,0.0000,0.0608,0.0938,0.0000,0.9292,0.9233,0.0947,0.0000,0.0562,4
0.0000,0.1008,0.0422,0.0392,0.0273,0.0634,0.1429,0.1328,0.0000,0.1744,0.1498,0.0000,1
0.0000,1.0000,0.1123,0.0000,0.0181,0.0848,0.0000,1.0000,0.0000,0.0000,0.0000,0.0000,2
0.9053,0.0000,0.0000,0.0382,0.0000,0.1137,0.9719,0.0580,0.0286,0.1565,0.0000,0.1462,3
0.0217,0.1083,0.0809,0.0000,0.0000,0.0794,0.0562,0.1623,0.0000,0.0834,0.0844,0.1647,1
0.0737,0.0256,0.0000,0.0000,0.0869,0.0000,0.0000,0.0000,0.0000,0.0000,0.0000,0.0000,1
0.0000,1.0000,1.0000,0.0605,0.0000,0.1072,0.0000,0.8794,0.9966,0.0000,0.0000,0.0367,4
0.0061,0.0902,0.0689,0.0050,0.0000,0.0785,0.0058,0.0470,0.0000,0.0000,0.0000,0.0000,1
1.0000,0.9414,1.0000,0.8917,1.0000,0.0389,0.9908,0.8751,1.0000,1.0000,0.9284,0.0582,0
0.9406,0.0000,0.0000,0.0766,0.0103,0.0000,0.8332,0.0859,0.0000,0.0000,0.0000,0.0816,3
0.0000,0.8947,0.9879,0.0285,0.0000,0.0542,0.0677,1.0000,0.8773,0.0000,0.0000,0.0000,4
0.8957,0.0000,0.0000,0.1021,0.0000,0.0331,0.9352,0.0109,0.0000,0.0000,0.0394,0.0256,3
1.0000,0.9809,1.0000,0.9718,1.0000,0.0976,0.8843,1.0000,1.0000,1.0000,0.9002,0.0000,0
0.0856,1.0000,1.0000,0.0000,0.0814,0.0737,0.0000,1.0000,0.8283,0.0208,0.0000,0.0505,4
0.0720,0.0870,0.0000,0.0492,0.0057,0.0000,0.0206,0.1615,0.0000,0.0000,0.1367,0.0817,1
0.0339,0.0200,0.0000,0.1046,0.0000,0.0000,0.0000,0.0378,0.1596,0.1470,0.0000,0.0000,1
0.0891,1.0000,0.0407,0.0000,0.0793,0.0000,0.0000,1.0000,0.0000,0.0708,0.0000,0.0694,2
1.0000,0.0000,0.0000,0.0000,0.0000,0.0000,0.8873,0.0000,0.1771,0.0000,0.0487,0.0332,3
0.9138,0.0000,0.0155,0.0000,0.0000,0.0468,0.9694,0.0000,0.0000,0.1571,0.1675,0.0871,3
0.0000,0.9099,1.0000,0.0979,0.0000,0.0000,0.0000,1.0000,1.0000,0.0000,0.0000,0.0000,4
0.0000,0.8850,0.0784,0.0632,0.0347,0.0000,0.1647,0.8583,0.0850,0.0000,0.0747,0.0000,2
0.9525,1.0000,0.8827,1.0000,1.0000,0.0000,0.9320,0.8623,1.0000,0.9262,1.0000,0.0000,0
0.0000,1.0000,1.0000,0.0000,0.0000,0.0230,0.0326,1.0000,1.0000,0.0000,0.1454,0.0000,4
0.0000,0.9225,0.8802,0.0000,0.0000,0.0000,0.0000,1.0000,1.0000,0.0000,0.0000,0.0000,4
0.0000,0.9853,0.0814,0.0000,0.0000,0.0000,0.0878,1.0000,0.0000,0.0000,0.0000,0.0595,2
0.0255,0.9949,0.0000,0.0000,0.0000,0.0105,0.1589,1.0000,0.0000,0.0553,0.0097,0.0000,2
1.0000,0.1063,0.1167,0.0000,0.0000,0.0092,1.0000,0.0653,0.0000,0.0000,0.0395,0.0764,3
0.0000,0.0953,0.0377,0.0000,0.0000,0.1105,0.1475,0.0000,0.0152,0.0000,0.0000,0.0149,1
0.0000,0.9061,0.0167,0.0000,0.0947,0.0000,0.0000,1.0000,0.0000,0.0000,0.0574,0.0000,2
0.9063,0.0000,0.0810,0.0000,0.0000,0.0000,0.9424,0.0659,0.1244,0.0000,0.0000,0.0723,3
0.0683,0.8902,1.0000,0.0004,0.0739,0.0000,0.0500,1.0000,0.8915,0.0325,0.0667,0.1129,4
0.0856,1.0000,0.0000,0.0712,0.0000,0.0415,0.0000,0.8962,0.0912,0.0575,0.0000,0.0000,2
0.0282,1.0000,1.0000,0.0000,0.0000,0.0000,0.0000,0.9062,0.8682,0.1676,0.1762,0.1610,4
0.0312,0.0890,0.0986,0.0000,0.0000,0.0000,0.1255,0.0000,0.0000,0.0969,0.0000,0.1113,1
0.9678,1.0000,0.8833,1.0000,0.9891,0.0415,0.8290,1.0000,1.0000,1.0000,0.8997,0.0000,0
0.0613,0.0000,0.0000,0.0000,0.0000,0.0591,0.1333,0.0000,0.1538,0.0000,0.0643,0.1662,1
1.0000,0.9988,1.0000,0.9798,1.0000,0.0000,0.8806,0.9846,1.0000,1.0000,1.0000,0.0000,0
0.0000,1.0000,0.9764,0.0000,0.0000,0.0646,0.0000,1.0000,1.0000,0.0000,0.0116,0.0000,4
0.9660,0.0000,0.1146,0.0273,0.0071,0.0553,1.0000,0.0000,0.0000,0.0000,0.1606,0.0266,3
0.1062,1.0000,1.0000,0.0958,0.0729,0.0000,0.0914,0.8785,0.8394,0.0184,0.0414,0.0132,4
0.9416,0.9059,0.8803,0.9726,1.0000,0.1126,1.0000,1.0000,1.0000,0.8786,0.8465,0.1245,0
1.0000,0.0000,0.0000,0.0705,0.0011,0.0000,1.0000,0.0000,0.1132,0.0000,0.0000,0.0000,3
0.0000,0.9705,0.1125,0.0000,0.0000,0.1022,0.0722,1.0000,0.0186,0.0387,0.1428,0.0000,2
0.9678,0.9761,1.0000,0.9267,1.0000,0.0000,1.0000,0.9618,1.0000,0.9421,1.0000,0.0918,0
0.0070,1.0000,1.0000,0.0676,0.0000,0.0000,0.0000,1.0000,0.8655,0.1596,0.0000,0.1372,4
0.9711,0.0000,0.0000,0.0000,0.0000,0.0074,1.0000,0.1330,0.1553,0.0370,0.1266,0.0000,3
0.1076,0.9996,1.0000,0.0038,0.0000,0.0633,0.0429,0.9263,0.8815,0.0257,0.0610,0.0830,4
0.9229,0.0000,0.0000,0.0626,0.0536,0.0000,0.8275,0.0016,0.0000,0.0000,0.0000,0.0000,3
0.0834,0.9819,1.0000,0.0966,0.0291,0.1161,0.1058,1.0000,1.0000,0.0000,0.0000,0.1306,4
0.0547,1.0000,1.0000,0.0000,0.0000,0.0185,0.0000,1.0000,1.0000,0.0000,0.0403,0.0000,4
0.0601,1.0000,1.0000,0.0000,0.0000,0.0000,0.0000,0.8505,0.9558,0.0000,0.0000,0.0000,4
0.0000,0.9275,1.0000,0.0000,0.0000,0.0661,0.1023,0.9438,1.0000,0.1679,0.0000,0.1416,4
0.0931,1.0000,0.0000,0.0279,0.0986,0.0590,0.1164,1.0000,0.0101,0.0393,0.0387,0.1673,2
0.0000,0.0968,0.0648,0.0000,0.0000,0.0000,0.0000,0.0000,0.1543,0.0397,0.0000,0.0000,1
0.0141,0.9131,0.0000,0.0000,0.0000,0.0000,0.0000,0.9006,0.1586,0.1520,0.0000,0.0732,2
1.0000,0.9628,0.8859,0.9051,0.9798,0.1108,0.9939,0.9914,0.9777,1.0000,0.9348,0.0000,0
0.9712,0.9560,1.0000,1.0000,1.0000,0.0000,0.8554,1.0000,1.0000,0.9797,1.0000,0.1452,0
0.9131,0.9721,0.9246,1.0000,1.0000,0.0349,0.8393,0.9493,0.8235,0.8692,1.0000,0.1670,0
0.0000,1.0000,1.0000,0.0206,0.0000,0.0000,0.0894,1.0000,1.0000,0.1758,0.0000,0.0620,4
1.0000,0.0442,0.0691,0.0000,0.0000,0.0808,0.9669,0.0906,0.0000,0.0506,0.0000,0.1204,3
0.0000,0.0551,0.0310,0.1169,0.0000,0.0453,0.1782,0.0000,0.0000,0.0225,0.0071,0.0475,1
0.0769,0.0000,0.0383,0.0000,0.0538,0.0000,0.1295,0.0016,0.0000,0.0000,0.0000,0.0000,1
1.0000,1.0000,1.0000,1.0000,1.0000,0.0000,1.0000,1.0000,0.8804,1.0000,1.0000,0.0000,0
0.0000,0.0304,0.0000,0.0812,0.0000,0.0393,0.0000,0.1690,0.0711,0.0000,0.0351,0.0472,1
1.0000,1.0000,0.8893,1.0000,0.9596,0.0000,0.9209,0.9970,1.0000,0.8554,1.0000,0.0000,0
0.1064,0.8820,0.0000,0.0000,0.0000,0.0000,0.0869,0.8564,0.1107,0.0000,0.0314,0.0000,2
0.0000,1.0000,1.0000,0.0000,0.1154,0.0000,0.0000,1.0000,0.9202,0.0000,0.0000,0.0000,4
0.0071,0.0000,0.0000,0.0000,0.0000,0.0000,0.1363,0.1405,0.1133,0.0000,0.0198,0.0000,1
0.9126,0.0000,0.1191,0.0542,0.0000,0.0300,1.0000,0.0000,0.0000,0.1671,0.0000,0.0000,3
0.0543,0.9715,0.1195,0.0000,0.0000,0.1045,0.1251,1.0000,0.0000,0.0000,0.0088,0.0000,2
0.0653,1.0000,0.0000,0.0738,0.0891,0.0404,0.0000,0.8793,0.1349,0.0000,0.1425,0.0000,2
1.0000,0.0169,0.0000,0.0126,0.0818,0.0000,1.0000,0.1636,0.0000,0.0866,0.1723,0.0000,3
0.0000,0.0457,0.0000,0.0753,0.0000,0.0312,0.0000,0.0000,0.1323,0.1667,0.0000,0.0273,1
0.0632,0.9016,0.9188,0.0039,0.0106,0.0040,0.1707,1.0000,0.9868,0.0000,0.0000,0.0000,4
0.9220,1.0000,0.9915,1.0000,1.0000,0.0748,0.8351,1.0000,1.0000,1.0000,1.0000,0.0000,0
0.8807,1.0000,0.9147,0.9112,0.9402,0.0000,0.8827,0.8389,1.0000,1.0000,1.0000,0.0000,0
0.0197,0.0000,0.0216,0.0975,0.0124,0.0104,0.0840,0.0000,0.0000,0.0037,0.0000,0.0008,1
0.0799,0.0415,0.0563,0.0710,0.0719,0.0827,0.0381,0.0000,0.0000,0.1778,0.0000,0.0000,1
1.0000,0.0000,0.0000,0.0644,0.1017,0.0000,1.0000,0.0000,0.0069,0.0000,0.0000,0.0512,3
0.0186,0.0000,0.0941,0.0000,0.0000,0.0000,0.0443,0.0051,0.0000,0.0000,0.0000,0.0000,1
0.9226,1.0000,1.0000,0.9639,0.9192,0.0947,1.0000,1.0000,1.0000,1.0000,0.9169,0.0000,0
1.0000,1.0000,0.9062,1.0000,1.0000,0.0000,0.9924,0.9646,1.0000,0.9965,1.0000,0.0000,0
1.0000,0.0000,0.0385,0.0000,0.0534,0.0000,0.9290,0.1633,0.0000,0.0249,0.0000,0.1173,3
0.0000,0.0000,0.0543,0.1159,0.0230,0.0042,0.1159,0.0683,0.0000,0.0193,0.0203,0.1533,1
0.0428,0.0079,0.0000,0.0290,0.0720,0.1069,0.1433,0.0000,0.1644,0.0000,0.0000,0.0709,1
0.0000,0.9802,1.0000,0.0341,0.0000,0.0000,0.1468,1.0000,1.0000,0.0073,0.0566,0.0220,4
1.0000,0.0841,0.1094,0.0000,0.0141,0.0934,1.0000,0.0657,0.1102,0.1002,0.0000,0.1134,3
0.0215,0.0000,0.0000,0.1077,0.0000,0.0000,0.1157,0.0000,0.1680,0.0381,0.1229,0.0584,1
0.1059,0.9027,1.0000,0.0000,0.0000,0.0000,0.0782,0.9535,0.9042,0.1143,0.1556,0.0715,4
0.1157,0.9883,1.0000,0.0866,0.0000,0.0224,0.0616,1.0000,1.0000,0.1385,0.0000,0.0000,4
0.0000,0.9154,0.0373,0.0000,0.0910,0.0000,0.1641,0.9486,0.0417,0.0000,0.1524,0.1512,2
1.0000,0.0000,0.0000,0.0356,0.0000,0.1147,0.8632,0.0616,0.0000,0.0000,0.1793,0.0882,3
1.0000,1.0000,1.0000,0.9524,1.0000,0.0023,0.8606,0.9998,1.0000,1.0000,1.0000,0.1753,0
0.0795,1.0000,0.0000,0.0000,0.0540,0.0000,0.0488,0.9179,0.1013,0.0000,0.1701,0.0000,2
0.0000,1.0000,1.0000,0.0000,0.0000,0.0000,0.0582,1.0000,1.0000,0.1557,0.0000,0.0443,4
0.0382,0.9312,0.9363,0.0000,0.0336,0.0650,0.0000,0.9905,1.0000,0.1420,0.1194,0.1015,4
0.0721,1.0000,0.9378,0.0230,0.0000,0.0000,0.0000,1.0000,1.0000,0.0000,0.1392,0.0686,4
0.0386,0.9024,1.0000,0.0175,0.0000,0.0313,0.1376,1.0000,1.0000,0.0000,0.0000,0.1526,4
0.0388,0.0000,0.0000,0.0000,0.0000,0.0904,0.1680,0.1337,0.0000,0.0000,0.0889,0.0375,1
0.1139,1.0000,0.0000,0.0261,0.0496,0.0000,0.1373,1.0000,0.0000,0.1289,0.1611,0.0000,2
0.0434,1.0000,0.9859,0.0000,0.0571,0.0000,0.1403,1.0000,0.8537,0.1525,0.0402,0.0000,4
0.0000,0.9859,0.0013,0.0564,0.0625,0.0767,0.0343,0.8750,0.0816,0.0000,0.0000,0.0000,2
0.9294,0.0455,0.1018,0.0000,0.0000,0.0753,0.8361,0.0000,0.0000,0.0607,0.1375,0.0000,3
0.9811,0.9962,0.8985,0.9404,0.9392,0.0300,1.0000,1.0000,0.9386,0.9405,1.0000,0.1294,0
1.0000,0.0016,0.0000,0.0000,0.0779,0.0565,0.8426,0.0000,0.0838,0.0431,0.1144,0.0000,3
1.0000,0.0000,0.0833,0.0000,0.0116,0.0000,0.8235,0.0000,0.0448,0.0000,0.0000,0.0000,3
0.9545,0.9885,0.8937,1.0000,0.8984,0.0874,1.0000,0.9819,1.0000,1.0000,0.9357,0.0000,0
0.0242,1.0000,0.0000,0.0522,0.0566,0.0000,0.0000,0.8521,0.0866,0.1574,0.0881,0.0000,2
0.0361,0.9304,0.0000,0.0929,0.0000,0.0582,0.1532,0.8470,0.0168,0.0000,0.0811,0.1763,2
0.0291,0.9823,0.0000,0.0000,0.0731,0.0000,0.1233,1.0000,0.0517,0.1029,0.1536,0.0000,2
0.0171,0.0000,0.0000,0.0000,0.0004,0.0657,0.0418,0.0848,0.0000,0.0000,0.0996,0.0000,1
0.0000,0.0754,0.0000,0.0883,0.0575,0.0876,0.0592,0.1535,0.0000,0.1644,0.1713,0.0000,1
0.0000,0.0000,0.0371,0.0451,0.0000,0.0000,0.0000,0.0650,0.0918,0.0000,0.1022,0.0000,1
0.9832,1.0000,1.0000,0.9916,0.9861,0.0000,1.0000,0.9407,1.0000,1.0000,1.0000,0.0000,0
0.0000,0.0000,0.0000,0.0000,0.0000,0.1102,0.0061,0.0794,0.1027,0.0000,0.0224,0.0244,1
1.0000,1.0000,1.0000,0.9036,0.9766,0.0000,0.9099,1.0000,0.9795,1.0000,1.0000,0.0000,0
0.0000,1.0000,0.9721,0.0000,0.0000,0.0268,0.0000,0.8712,1.0000,0.0000,0.0936,0.1172,4
0.0000,0.0000,0.0313,0.0000,0.0000,0.0416,0.0000,0.1541,0.0000,0.1033,0.0000,0.0000,1
0.0000,0.0000,0.0000,0.1100,0.0238,0.0153,0.1774,0.1322,0.0000,0.1189,0.0363,0.1061,1
0.9042,0.8881,1.0000,1.0000,0.8917,0.0577,0.9241,1.0000,1.0000,0.9348,1.0000,0.0621,0
0.0000,0.9577,0.0030,0.0000,0.0000,0.0000,0.0220,0.9940,0.1468,0.0120,0.0000,0.0000,2
0.0000,0.9846,0.1103,0.0610,0.0000,0.0925,0.0311,1.0000,0.0000,0.0026,0.1207,0.1291,2
0.1060,0.1077,0.0000,0.0000,0.0002,0.0549,0.0000,0.0000,0.1446,0.0134,0.1705,0.0000,1
1.0000,1.0000,0.9369,1.0000,1.0000,0.0000,0.8414,0.9463,0.9212,1.0000,0.9365,0.0735,0
0.9817,0.9464,0.8809,1.0000,1.0000,0.0000,1.0000,1.0000,1.0000,1.0000,0.8733,0.0000,0
0.9975,1.0000,0.9445,0.9794,0.9885,0.0321,1.0000,0.9378,0.8209,1.0000,1.0000,0.0831,0
0.9349,1.0000,1.0000,0.8970,0.9371,0.0406,1.0000,0.8885,0.8549,0.9752,0.9725,0.0000,0
0.1057,0.0482,0.0000,0.0000,0.0000,0.0000,0.0000,0.0000,0.0557,0.1388,0.0000,0.0000,1
0.0000,1.0000,0.9433,0.0821,0.0580,0.0771,0.0000,0.9953,1.0000,0.0000,0.0206,0.0000,4
0.9171,0.0000,0.0639,0.0686,0.0846,0.0264,0.9170,0.1558,0.0000,0.1282,0.0000,0.0000,3
0.0222,0.9308,0.9570,0.0113,0.0000,0.0000,0.0000,1.0000,1.0000,0.0000,0.0824,0.0000,4
0.0071,0.9985,0.0000,0.0435,0.0351,0.1102,0.0000,1.0000,0.0777,0.0000,0.0000,0.0842,2
0.9074,1.0000,1.0000,0.9680,1.0000,0.0000,0.9272,1.0000,0.9819,0.9455,1.0000,0.0000,0
0.0000,0.0174,0.0000,0.0682,0.0000,0.0000,0.0000,0.0000,0.0000,0.0000,0.0000,0.0910,1
0.0125,0.0000,0.0000,0.0289,0.0674,0.0888,0.0372,0.0994,0.1671,0.0000,0.0000,0.0658,1
1.0000,1.0000,1.0000,1.0000,1.0000,0.0000,1.0000,1.0000,1.0000,1.0000,0.8827,0.1687,0
0.9094,0.0346,0.1062,0.0125,0.0210,0.1050,0.8313,0.1271,0.0000,0.0000,0.0000,0.0570,3
0.0000,1.0000,1.0000,0.0000,0.1012,0.0000,0.0595,0.9767,0.9643,0.0261,0.0335,0.1524,4
0.0672,0.9877,0.9152,0.0000,0.1142,0.1110,0.1135,1.0000,1.0000,0.1541,0.1419,0.0000,4
0.9975,0.0000,0.0041,0.0315,0.0000,0.0000,1.0000,0.0000,0.0000,0.1173,0.0064,0.0000,3
0.0389,0.0000,0.0000,0.0000,0.0863,0.0112,0.0000,0.0000,0.0000,0.0204,0.1297,0.0000,1
0.9841,0.0000,0.1056,0.0000,0.1135,0.1179,1.0000,0.0000,0.1642,0.0000,0.0000,0.0000,3
0.0174,0.9457,0.0589,0.0706,0.0000,0.0000,0.1063,0.8866,0.1126,0.0000,0.0202,0.0131,2
0.9573,1.0000,0.9257,1.0000,1.0000,0.0000,1.0000,0.9274,0.9247,1.0000,1.0000,0.0000,0
0.1147,0.0000,0.0000,0.0000,0.0809,0.0000,0.0000,0.0000,0.0580,0.0000,0.0533,0.0333,1
0.1098,0.9564,0.0437,0.0000,0.0000,0.0606,0.0000,1.0000,0.0527,0.0000,0.0000,0.1445,2
0.0000,0.9656,0.0000,0.0000,0.0000,0.0000,0.0000,0.9286,0.0356,0.1739,0.0000,0.0130,2
0.1111,0.9859,0.9064,0.0324,0.0360,0.0000,0.0000,0.9459,0.8781,0.0000,0.0000,0.0000,4
1.0000,0.0000,0.0327,0.0285,0.0000,0.0288,1.0000,0.0000,0.0000,0.0000,0.0875,0.1381,3
0.0318,1.0000,0.0960,0.0903,0.0000,0.0000,0.0000,1.0000,0.1764,0.0000,0.1321,0.1507,2
0.0000,1.0000,0.9483,0.0000,0.0000,0.0000,0.1097,1.0000,0.9662,0.0947,0.0160,0.0000,4
1.0000,0.9330,1.0000,1.0000,0.9138,0.0589,1.0000,1.0000,0.9808,0.9155,0.9098,0.0000,0
0.9508,0.9565,1.0000,0.8978,0.9208,0.0000,0.9938,0.8312,1.0000,0.8794,1.0000,0.0000,0
0.8910,1.0000,0.9504,0.9700,0.9149,0.0075,0.9067,1.0000,0.8715,0.9860,0.9114,0.0000,0
0.0000,0.0000,0.0000,0.0000,0.0000,0.1129,0.1044,0.0000,0.0000,0.0000,0.0000,0.0000,1
0.0964,1.0000,0.9047,0.0000,0.0000,0.0443,0.1602,0.9601,1.0000,0.0000,0.1606,0.0000,4
0.0000,0.9155,0.9862,0.0000,0.0321,0.0000,0.0000,0.8298,1.0000,0.0000,0.1115,0.0000,4
0.0707,1.0000,0.9496,0.0000,0.0000,0.0110,0.0000,1.0000,0.9240,0.0438,0.0000,0.0000,4
0.0000,1.0000,0.0182,0.1026,0.0661,0.0061,0.0000,1.0000,0.0000,0.0000,0.0000,0.1563,2
0.0000,0.0184,0.0000,0.0718,0.0000,0.0098,0.0000,0.0681,0.0000,0.0000,0.0292,0.0000,1
0.8902,0.9906,0.9203,1.0000,1.0000,0.0000,1.0000,0.8325,1.0000,0.9085,0.9262,0.0000,0
0.8994,1.0000,0.8958,0.9460,1.0000,0.0116,1.0000,1.0000,1.0000,1.0000,1.0000,0.0000,0
0.0000,0.0000,0.0096,0.0000,0.0000,0.1009,0.0859,0.1712,0.0000,0.0740,0.0000,0.0000,1
0.0000,1.0000,1.0000,0.0000,0.0000,0.1099,0.1264,1.0000,0.8354,0.1086,0.0000,0.0000,4
0.0000,0.0719,0.0845,0.0843,0.1038,0.1186,0.0000,0.0000,0.0000,0.0560,0.0000,0.0430,1
0.0000,0.0000,0.0000,0.0705,0.0000,0.0000,0.1096,0.0000,0.1121,0.1736,0.0642,0.0000,1
0.8806,0.9881,1.0000,0.9499,0.9356,0.0497,1.0000,1.0000,0.9731,1.0000,1.0000,0.1470,0
1.0000,1.0000,0.9235,0.9711,0.9661,0.0000,0.9681,0.8366,0.9142,0.9331,1.0000,0.0641,0
0.1172,0.0619,0.0000,0.1025,0.1166,0.0881,0.0847,0.0000,0.0000,0.0401,0.0873,0.0338,1
0.0000,1.0000,0.0744,0.0483,0.0006,0.0000,0.1765,1.0000,0.0000,0.0419,0.0000,0.0000,2
0.9307,0.9129,0.9413,0.9587,0.8819,0.0593,0.8459,1.0000,0.8352,0.8267,1.0000,0.1304,0
0.0867,0.0878,0.0000,0.0485,0.0000,0.0000,0.0000,0.1528,0.1224,0.0000,0.1791,0.0612,1
0.0000,1.0000,1.0000,0.0000,0.0000,0.0633,0.0000,1.0000,1.0000,0.1644,0.0120,0.0061,4
0.0000,0.9866,0.0256,0.0000,0.0270,0.0000,0.0843,0.9258,0.0000,0.0000,0.0072,0.0259,2
0.0832,0.8867,0.0000,0.0100,0.0000,0.0233,0.1716,1.0000,0.0229,0.1045,0.0000,0.0000,2
1.0000,0.0000,0.0000,0.0471,0.0000,0.0000,0.9645,0.0000,0.1748,0.0479,0.0000,0.0907,3
1.0000,0.0000,0.1112,0.0000,0.0942,0.0000,0.8239,0.0000,0.0000,0.0000,0.0463,0.0000,3
0.9566,0.9920,0.9442,0.9395,0.9032,0.0000,1.0000,0.9326,1.0000,0.9994,1.0000,0.0000,0
1.0000,0.0000,0.0279,0.0576,0.0807,0.0000,0.8870,0.0000,0.0000,0.0747,0.0000,0.1101,3
0.0701,0.9121,0.8939,0.0000,0.0000,0.0000,0.0000,1.0000,1.0000,0.0923,0.0000,0.0000,4
0.0193,0.9229,0.9504,0.0000,0.0000,0.0876,0.1041,0.9144,0.8252,0.1046,0.0000,0.0000,4
1.0000,0.9587,0.9019,0.9396,0.9654,0.0032,1.0000,0.9099,0.9863,1.0000,0.8703,0.0000,0
1.0000,1.0000,1.0000,1.0000,1.0000,0.0968,0.9262,1.0000,0.8832,0.8676,1.0000,0.1697,0
0.0961,0.9381,1.0000,0.0697,0.0000,0.0717,0.0000,0.9051,0.9948,0.0000,0.1284,0.1619,4
0.0028,0.9855,0.0396,0.0000,0.0001,0.0000,0.0110,1.0000,0.1232,0.1639,0.1604,0.1201,2
0.9084,0.0000,0.0910,0.0000,0.1100,0.0212,0.9378,0.0000,0.0000,0.0000,0.1066,0.0000,3
0.0000,0.1034,0.0000,0.1136,0.0777,0.0000,0.0000,0.0000,0.0887,0.1599,0.0000,0.1627,1
0.0000,0.0867,0.0281,0.0991,0.0000,0.0479,0.0000,0.0000,0.0000,0.0965,0.0376,0.0000,1
0.1114,0.9835,1.0000,0.0000,0.0000,0.0000,0.1180,1.0000,1.0000,0.0000,0.0757,0.0000,4
0.0000,0.9565,0.0000,0.0473,0.0492,0.0657,0.0027,1.0000,0.1018,0.0000,0.0978,0.0000,2
0.9163,0.9788,1.0000,1.0000,0.9008,0.0000,0.9197,0.8503,1.0000,1.0000,1.0000,0.1004,0
0.0000,0.9410,1.0000,0.1093,0.0000,0.0000,0.0000,1.0000,1.0000,0.0000,0.0670,0.0920,4
0.9244,0.0000,0.0731,0.0583,0.0898,0.0000,0.9499,0.0000,0.0454,0.0241,0.1384,0.0000,3
0.9514,0.0000,0.0000,0.0000,0.0000,0.1037,1.0000,0.1555,0.0000,0.0000,0.0809,0.0000,3
0.0000,0.0000,0.1054,0.0192,0.1102,0.0000,0.0000,0.0000,0.0000,0.0096,0.0000,0.0755,1
1.0000,0.1021,0.0000,0.0244,0.0217,0.0705,1.0000,0.0000,0.0000,0.0880,0.0000,0.1037,3
